Product Name,Manufacturer,Model Codes,Sport,Category,Subcategory,Canonical ID,Image Path,Image URL
Tomko Championship Tennis Net,TOMKO CHAMPIONSHIP,TN-TN90HT ; TN-TN90HTS,tennis,tennis-net-accessories,championship-tennis-net,TOMKO CHAMPIONSHIP TN-TN90HT,images/product_1.jpg,https://tomkosports.com/wp-content/uploads/2013/06/WhatsApp-Image-2020-02-12-at-11.08.00-AM-1-e1581535114884-440x330.jpeg
Premier Deluxe Portable Net System,PREMIER,TN-PPS42SQ,tennis,tennis-net-accessories,premier-sq-portable-tennis-systems,PREMIER TN-PPS42SQ,images/product_2.jpg,https://tomkosports.com/wp-content/uploads/2020/01/Portable-Net-System-440x445.jpg
Classic SQ Portable Net System,CLASSIC SQ,TN-PPS42SQCL,tennis,tennis-net-accessories,classic-sq-portable-tennis-systems,CLASSIC SQ TN-PPS42SQCL,images/product_3.jpg,https://tomkosports.com/wp-content/uploads/2020/01/rs_1244205_a_x-440x440.jpg
Premier Tennis Posts,PREMIER,TN-PREM-RD ; TN-PREM-SQ ; TN-PREMXS-RD,tennis,nets-and-posts,tennis-posts,PREMIER TN-PREM-RD,images/product_4.jpg,https://tomkosports.com/wp-content/uploads/2019/10/Premier-Posts-440x439.jpg
DTP37 Tennis Posts,DTP37 TENNIS,TN-DTP37,tennis,nets-and-posts,tennis-posts,DTP37 TENNIS TN-DTP37,images/product_5.jpg,https://tomkosports.com/wp-content/uploads/2019/10/DTP37-2-440x413.jpg
Premier SQ Surface Mount Tennis Posts,PREMIER,TN-PREMSF,tennis,nets-and-posts,tennis-posts,PREMIER TN-PREMSF,images/product_6.jpg,https://tomkosports.com/wp-content/uploads/2021/03/63060-600x600-1-440x440.jpg
Sidewinder Tennis Posts,SIDEWINDER TENNIS,TN-SW2 ; TN-SW3,tennis,nets-and-posts,tennis-posts,SIDEWINDER TENNIS TN-SW2,images/product_7.jpg,https://tomkosports.com/wp-content/uploads/2021/04/Sidewinder-Posts-440x459.jpg
Classic Tennis Posts,CLASSIC TENNIS,TN-CLASSIC ; TN-CLASSICSQ,tennis,nets-and-posts,tennis-posts,CLASSIC TENNIS TN-CLASSIC,images/product_8.jpg,https://tomkosports.com/wp-content/uploads/2019/10/TN-CLASSIC-green-440x440.jpg
Cap Replacements – All Tennis Posts,CAP REPLACEMENTS,TN-CAPPUL ; TN-CAPSL ; TN-CAP2 ; TN-CAP3,tennis,nets-and-posts,replacement-parts-nets-and-posts,CAP REPLACEMENTS TN-CAPPUL,images/product_9.jpg,https://tomkosports.com/wp-content/uploads/2020/03/53434Z-440x440.jpg
Internal Winder Mechanism – Premier Posts,PREMIER,TN-GEAR,tennis,nets-and-posts,replacement-parts-nets-and-posts,PREMIER TN-GEAR,images/product_10.jpg,https://tomkosports.com/wp-content/uploads/2021/04/Premier-Gear-440x439.jpg
Internal Winder Mechanism – Classic Posts,INTERNAL WINDER,TN-GEARCL ; TN-HANDLECL,tennis,nets-and-posts,replacement-parts-nets-and-posts,INTERNAL WINDER TN-GEARCL,images/product_11.jpg,https://tomkosports.com/wp-content/uploads/2021/03/Classic-Internal-Winder-Handle-2-440x438.jpg
External Post Reel with Handle,EXTERNAL POST,TN-REEL1 ; TN-EWH,tennis,nets-and-posts,replacement-parts-nets-and-posts,EXTERNAL POST TN-REEL1,images/product_12.jpg,https://tomkosports.com/wp-content/uploads/2020/03/Reel-and-Handle-440x418.jpg
Replacement Handle,REPLACEMENT HANDLE,TN-HANDLE,tennis,nets-and-posts,replacement-parts-nets-and-posts,REPLACEMENT HANDLE TN-HANDLE,images/product_13.jpg,https://tomkosports.com/wp-content/uploads/2021/04/Handle-440x426.jpg
DTP37 Take-Up & Cover Assembly,DTP37 TAKE-UP,TN-DTPCTUCA,tennis,nets-and-posts,replacement-parts-nets-and-posts,DTP37 TAKE-UP TN-DTPCTUCA,images/product_14.jpg,https://tomkosports.com/wp-content/uploads/2021/04/DTP37-Gear-Take-Up-Assesmbly-440x403.jpg
Tomko Championship Pickleball Net,TOMKO CHAMPIONSHIP,,pickleball,nets-and-posts-pickleball,tomko-championship-pickleball-net,TOMKO CHAMPIONSHIP,images/product_15.jpg,https://tomkosports.com/wp-content/uploads/2019/10/WhatsApp-Image-2020-08-21-at-8.29.08-AM-1-440x330.jpeg
Premier Pickleball Posts,PREMIER,TP-PREMPB,pickleball,nets-and-posts-pickleball,premier-pickleball-posts,PREMIER TP-PREMPB,images/product_16.jpg,https://tomkosports.com/wp-content/uploads/2019/10/Premier-Posts-Pickleball-440x459.jpg
Classic Pickleball Posts,CLASSIC PICKLEBALL,TP-CLASSICPB,pickleball,nets-and-posts-pickleball,classic-pickleball-posts,CLASSIC PICKLEBALL TP-CLASSICPB,images/product_17.jpg,https://tomkosports.com/wp-content/uploads/2019/10/TN-CLASSIC-green-440x440.jpg
Premier SQ Surface Mount Pickleball Posts,PREMIER,TP-PREMPBSF,pickleball,nets-and-posts-pickleball,premier-pickleball-square-surface-mount-posts,PREMIER TP-PREMPBSF,images/product_18.jpg,https://tomkosports.com/wp-content/uploads/2020/06/Surface-Mount-Posts-Pickleball-2-440x447.jpg
Outdoor Tetherball System,OUTDOOR TETHERBALL,SG-TBS,tetherball,outdoor-tetherball-system,,OUTDOOR TETHERBALL SG-TBS,images/product_19.jpg,https://tomkosports.com/wp-content/uploads/2023/04/Tetherball-Pole-440x406.jpg
“Soft Touch” Yellow Tetherball w/ Rope,“SOFT TOUCH”,SG-TBS,tetherball,soft-touch-yellow-tetherball-w-rope,,“SOFT TOUCH” SG-TBS,images/product_20.jpg,https://tomkosports.com/wp-content/uploads/2023/04/Tetherball-440x406.jpg
Tomko Heavy Duty Ground Sleeves,TOMKO HEAVY,TN-GS24 ; TN-GS24SQA ; TN-GS24S ; TN-ALGS,tennis,nets-and-posts,tennis-posts,TOMKO HEAVY TN-GS24,images/product_21.jpg,https://tomkosports.com/wp-content/uploads/2019/10/Ground-sleeves-1-440x471.jpg
In-Ground Center Anchor,IN-GROUND CENTER,TN-ANCHOR,tennis,nets-and-posts,tennis-posts,IN-GROUND CENTER TN-ANCHOR,images/product_22.jpg,https://tomkosports.com/wp-content/uploads/2019/10/TN-ANCHOR-440x330.jpg
Tomko Quickset Center Strap,TOMKO QUICKSET,TN-QKSET,tennis,nets-and-posts,tennis-posts,TOMKO QUICKSET TN-QKSET,images/product_23.jpg,https://tomkosports.com/wp-content/uploads/2019/10/WhatsApp-Image-2019-10-22-at-12.10.02-PM-1-440x587.jpeg
T-Plugs for Ground Sleeves,T-PLUGS FOR,TN-GS24SI,tennis,nets-and-posts,replacement-parts-nets-and-posts,T-PLUGS FOR TN-GS24SI,images/product_24.jpg,https://tomkosports.com/wp-content/uploads/2020/09/T-Plugs-440x439.jpg
Premier Portable Pickleball System,PREMIER,,pickleball,portable-systems,premier-portable-system,PREMIER,images/product_25.jpg,https://tomkosports.com/wp-content/uploads/2019/12/Pickleball-Premier-440x439.jpg
Selkirk Semi-Permanent Pro Pickleball Net,SELKIRK SEMI-PERMANENT,,pickleball,portable-systems,selkirk-semi-permanent-pro-pickleball-net,SELKIRK SEMI-PERMANENT,images/product_26.png,https://tomkosports.com/wp-content/uploads/2025/05/pickleball-net-1-440x294.webp
Pickle-MAX™ Portable System,PICKLE-MAX™ PORTABLE,,pickleball,portable-systems,pickle-max-portable-system,PICKLE-MAX™ PORTABLE,images/product_27.jpg,https://tomkosports.com/wp-content/uploads/2025/02/picklemax-5-440x440.jpg
PickleNet Deluxe Portable System,PICKLENET DELUXE,,pickleball,portable-systems,picklenet-deluxe-portable-system,PICKLENET DELUXE,images/product_28.jpg,https://tomkosports.com/wp-content/uploads/2019/10/Picklenet-Deluxe-1-440x410.jpg
Swiftnet 2.1 Portable System,SWIFTNET 2.1,TP-TAPSN,pickleball,portable-systems,swiftnet-2-1-portable-pickleball-net,SWIFTNET 2.1 TP-TAPSN,images/product_29.jpg,https://tomkosports.com/wp-content/uploads/2021/02/Swiftnet-Pickleball-Net-1-440x436.jpg
PickleNet Portable System,PICKLENET PORTABLE,,pickleball,portable-systems,oncourt-offcourt-picklenet-portable-system,PICKLENET PORTABLE,images/product_30.jpg,https://tomkosports.com/wp-content/uploads/2019/10/Screenshot-7-440x410.png
DELUXE PICKLEBALL LINE SET,DELUXE PICKLEBALL,,pickleball,portable-systems,deluxe-pickleball-line-set,DELUXE PICKLEBALL,images/product_31.jpg,https://tomkosports.com/wp-content/uploads/2024/06/deluxe-line-set-440x418.jpg
PickleNet Deluxe Replacement Bag,PICKLENET DELUXE,,pickleball,portable-systems,picklenet-deluxe-replacement-bag,PICKLENET DELUXE,images/product_32.jpg,https://tomkosports.com/wp-content/uploads/2021/04/Picklenet-Deluxe-Bag-1-440x440.jpg
PickleNet Replacement Bag,PICKLENET REPLACEMENT,,pickleball,portable-systems,picklenet-replacement-bag,PICKLENET REPLACEMENT,images/product_33.jpg,https://tomkosports.com/wp-content/uploads/2019/10/Picklenet-Bag-440x439.jpg
PickleNet Deluxe Replacement Net,PICKLENET DELUXE,,pickleball,portable-systems,picklenet-deluxe-replacement-net,PICKLENET DELUXE,images/product_34.jpg,https://tomkosports.com/wp-content/uploads/2021/04/Pickleball-Deluxe-Net-440x437.jpg
PickleNet Replacement Net,PICKLENET REPLACEMENT,,pickleball,portable-systems,picklenet-replacement-net,PICKLENET REPLACEMENT,images/product_35.jpg,https://tomkosports.com/wp-content/uploads/2021/04/Picklenet-Replacement-Net-440x437.jpg
TENNIS TWIST,TENNIS TWIST,TB-TWIST ; TB-TWISTB,ball-machines,sports-tutor-ball-machines-canada,tennis-ball-machines,TENNIS TWIST TB-TWIST,images/product_36.jpg,https://tomkosports.com/wp-content/uploads/2019/11/Twistcolor-440x440.jpg
TENNIS CUBE,TENNIS CUBE,TB-CUBEB ; TB-CUBE,ball-machines,sports-tutor-ball-machines-canada,tennis-ball-machines,TENNIS CUBE TB-CUBEB,images/product_37.jpg,https://tomkosports.com/wp-content/uploads/2020/01/Tennis-Cube.jpg
eCANNON,ECANNON,TB-eCANNONB ; TB-eCANNON,ball-machines,sports-tutor-ball-machines-canada,tennis-ball-machines,ECANNON TB-eCANNONB,images/product_38.jpg,https://tomkosports.com/wp-content/uploads/2021/02/eCannon-1-scaled-440x582.jpg
TENNIS TUTOR PROLITE,TUTOR,TB-TUTPL ; TB-TUTPLR,ball-machines,sports-tutor-ball-machines-canada,tennis-ball-machines,TUTOR TB-TUTPL,images/product_39.jpg,https://tomkosports.com/wp-content/uploads/2019/11/rs-2.jpg
TENNIS TUTOR PROLITE PLUS,TUTOR,TB-TUTPLP ; TB-TUTPLPR,ball-machines,sports-tutor-ball-machines-canada,tennis-ball-machines,TUTOR TB-TUTPLP,images/product_40.jpg,https://tomkosports.com/wp-content/uploads/2019/11/ProlitePlusFront-440x440.jpg
TENNIS TUTOR PROLITE PLUS ULTRA,TUTOR,TB-TUTPLPU ; TB-TUTPLPUR ; TB-TUTPLPUMR,ball-machines,sports-tutor-ball-machines-canada,tennis-ball-machines,TUTOR TB-TUTPLPU,images/product_41.jpg,https://tomkosports.com/wp-content/uploads/2019/11/ProlitePlusFront-440x440.jpg
TENNIS TUTOR,TUTOR,TB-TUT2 ; TB-TUT3 ; TB-TUT4,ball-machines,sports-tutor-ball-machines-canada,tennis-ball-machines,TUTOR TB-TUT2,images/product_42.jpg,https://tomkosports.com/wp-content/uploads/2019/11/sports_tutor_tennis_tutor-440x440.jpg
Bison HD 5-9/16″ O.D. Gooseneck Systems,BISON,SB-GNHD1 ; SB-GNHD2 ; SB-GNHD3 ; SB-GNHD4,basketball,institutional-systems,heavy-duty-5-9-16-o-d-gooseneck-systems,BISON SB-GNHD1,images/product_43.jpg,https://tomkosports.com/wp-content/uploads/2022/05/Bison-440x453.jpg
Tomko Gooseneck Fan System,TOMKO GOOSENECK,SB-GNAFA1,basketball,institutional-systems,tomko-gooseneck-fan-system-complete,TOMKO GOOSENECK SB-GNAFA1,images/product_44.jpg,https://tomkosports.com/wp-content/uploads/2021/03/Gooseneck-System-440x474.jpg
Aluminum Fan Backboard,ALUMINUM FAN,SB-AFBNT ; SB-AFB,basketball,backboards,fan-shape-aluminum-backboard,ALUMINUM FAN SB-AFBNT,images/product_45.jpg,https://tomkosports.com/wp-content/uploads/2019/11/Fan-shaped-backboard-440x428.jpg
Tomko Gooseneck Rectangular System,TOMKO GOOSENECK,SB-GNAR1 ; SB-GNPSR5,basketball,institutional-systems,tomko-gooseneck-rec-system,TOMKO GOOSENECK SB-GNAR1,images/product_46.jpg,https://tomkosports.com/wp-content/uploads/2021/03/SB-GNAR-3-440x587.jpeg
Perforated Steel Backboard,PERFORATED STEEL,SB-PSRB60 ; SB-PSRB72,basketball,backboards,rectangular-perforated-steel-backboard,PERFORATED STEEL SB-PSRB60,images/product_47.jpg,https://tomkosports.com/wp-content/uploads/2019/11/Perforated-Steel-Backboard-440x428.jpg
Indoor Glass Backboard,INDOOR GLASS,SB-BB42 ; SB-BB42C,basketball,backboards,indoor-glass-backboard,INDOOR GLASS SB-BB42,images/product_48.jpg,https://tomkosports.com/wp-content/uploads/2021/03/Indoor-Glass-Backboard-440x431.jpg
Straight-Arm Basketball System,STRAIGHT-ARM BASKETBALL,SB-SA3,basketball,institutional-systems,straight-arm-basketball-system,STRAIGHT-ARM BASKETBALL SB-SA3,images/product_49.jpg,https://tomkosports.com/wp-content/uploads/2020/03/straight-arm-system-2.jpg
Signature Series,SIGNATURE SERIES,SB-GSAS54 ; SB-GSAA60 ; SB-GSCP60 ; SB-GSMVP72,basketball,goalsetter,signature-series,SIGNATURE SERIES SB-GSAS54,images/product_50.jpg,https://tomkosports.com/wp-content/uploads/2019/11/Goalsetter-Allstar-1-440x485.jpg
Launch Series,LAUNCH SERIES,SB-GSL60 ; SB-GSLP72,basketball,goalsetter,launch-series,LAUNCH SERIES SB-GSL60,images/product_51.jpg,https://tomkosports.com/wp-content/uploads/2021/02/Goalsestter-launch-pro-product-10-768x768-1-440x440.jpg
Extreme Series,EXTREME SERIES,SB-GSX554 ; SB-GSX560 ; SB-GSX660 ; SB-GSX672,basketball,goalsetter,extreme-series,EXTREME SERIES SB-GSX554,images/product_52.jpg,https://tomkosports.com/wp-content/uploads/2019/11/Goalsetter-Xtreme-1-440x473.jpg
60″ ADJUSTABLE WALL-MOUNT SYSTEM,60″ ADJUSTABLE,SB-JPWM60,basketball,indoor-wall-mount-systems,60-adjustable-wall-mount-system,60″ ADJUSTABLE SB-JPWM60,images/product_53.jpg,https://tomkosports.com/wp-content/uploads/2024/03/jaypro-wall-mount-440x461.png
INSTITUTIONAL INDOOR WALL-MOUNT SYSTEM,INSTITUTIONAL INDOOR,SB-SWM ; SB-SFWM ; SB-FUWM,basketball,indoor-wall-mount-systems,4-point-indoor-wall-mount-systems,INSTITUTIONAL INDOOR SB-SWM,images/product_54.jpg,https://tomkosports.com/wp-content/uploads/2021/05/Indoor-Glass-Backboard-440x431.jpg
Ground Anchor,GROUND ANCHOR,SB-GSA4X4,basketball,goalsetter,ground-anchor,GROUND ANCHOR SB-GSA4X4,images/product_55.jpg,https://tomkosports.com/wp-content/uploads/2021/03/Ground-Anchor-440x416.jpg
Pinlock,PINLOCK,SB-GSPL,basketball,goalsetter,pinlock-for-internal-signature-series-systems,PINLOCK SB-GSPL,images/product_56.jpg,https://tomkosports.com/wp-content/uploads/2020/04/Pin-Lock-440x416.jpg
SILVERBACK 60″,SILVERBACK,SB-SB60,basketball,silverback,silverback-60,SILVERBACK SB-SB60,images/product_57.jpg,https://tomkosports.com/wp-content/uploads/2021/03/Silverback-440x440.jpg
SILVERBACK PORTABLE NXT 50/54,SILVERBACK,SB-NXT50 ; SB-NXT54,basketball,silverback,silverback-portable-nxt-50-54,SILVERBACK SB-NXT50,images/product_58.jpg,https://tomkosports.com/wp-content/uploads/2024/05/NXT-440x459.jpg
Backboard Pad,BACKBOARD PAD,SB-GSBPUB ; SB-GSBP48,basketball,goalsetter,universal-backboard-pad,BACKBOARD PAD SB-GSBPUB,images/product_59.jpg,https://tomkosports.com/wp-content/uploads/2021/03/Univeral-Backboard-Pad-440x416.png
ANCHOR BOLT KIT,ANCHOR BOLT,SB-SB60,basketball,silverback,anchor-bolt-kit,ANCHOR BOLT SB-SB60,images/product_60.jpg,https://tomkosports.com/wp-content/uploads/2021/03/Silverback-Anchor-440x457.jpg
Steel Backboard,STEEL BACKBOARD,SB-SRB60 ; SB-SRB72,basketball,backboards,steel-backboard,STEEL BACKBOARD SB-SRB60,images/product_61.jpg,https://tomkosports.com/wp-content/uploads/2021/03/Steel-backboard-440x428.jpg
42′ HD Headband,HEAD,TN-RHB42HD,tennis,tennis-net-accessories,42-hd-headband,HEAD TN-RHB42HD,images/product_62.jpg,https://tomkosports.com/wp-content/uploads/2021/03/Headband-440x429.jpg
47′ Tennis Net Cable,47′ TENNIS,TN-RCABLE,tennis,tennis-net-accessories,47-tennis-net-cable,47′ TENNIS TN-RCABLE,images/product_63.jpg,https://tomkosports.com/wp-content/uploads/2021/03/Net-Cable-440x428.jpg
2″ Loop Snap,2″ LOOP,TN-CSSNAP,pickleball,nets-and-posts-pickleball,2-loop-snap,2″ LOOP TN-CSSNAP,images/product_64.jpg,https://tomkosports.com/wp-content/uploads/2021/03/Loop-Snap-440x428.jpg
Singles Stick,SINGLES STICK,TN-SNS,tennis,tennis-net-accessories,singles-stick,SINGLES STICK TN-SNS,images/product_65.jpg,https://tomkosports.com/wp-content/uploads/2021/03/Singles-Stick-440x429.jpg
Fiberglass Dowels,FIBERGLASS DOWELS,TN-DOWEL,tennis,tennis-net-accessories,fiberglass-dowels,FIBERGLASS DOWELS TN-DOWEL,images/product_66.jpg,https://tomkosports.com/wp-content/uploads/2021/03/Fiberglass-dowels-440x440.jpg
Net Twine,NET TWINE,TN-NRTS ; TN-NRTL,tennis,tennis-net-accessories,net-twine,NET TWINE TN-NRTS,images/product_67.jpg,https://tomkosports.com/wp-content/uploads/2021/03/Net-Twine-440x420.jpg
Acrylic Backboard,ACRYLIC BACKBOARD,SB-BB42AC,basketball,backboards,acrylic-backboard,ACRYLIC BACKBOARD SB-BB42AC,images/product_68.jpg,https://tomkosports.com/wp-content/uploads/2021/03/Acrylic-Backboard-440x428.jpg
Fiberglass Backboard,FIBERGLASS BACKBOARD,SB-SFRB,basketball,backboards,fiberglass-backboard,FIBERGLASS BACKBOARD SB-SFRB,images/product_69.jpg,https://tomkosports.com/wp-content/uploads/2021/04/Fiberglass-Backboard-440x430.jpg
Indoor Glass Backboard Padding,INDOOR GLASS,SB-GSP ; SB-PSCE ; SB-TUFF,basketball,backboards,backboard-padding,INDOOR GLASS SB-GSP,images/product_70.jpg,https://tomkosports.com/wp-content/uploads/2021/03/glass-backboard-padding-440x428.jpg
Heavy Duty Fixed Goals,HEAVY DUTY,SB-FM2 ; SB-FM2C ; SB-UFM3,basketball,nets-and-rims,high-strength-fixed-rims,HEAVY DUTY SB-FM2,images/product_71.jpg,https://tomkosports.com/wp-content/uploads/2021/03/Double-Rim-Goal-440x425.jpg
Breakaway/Flex Goals,BREAKAWAY/FLEX GOALS,SB-BA3 ; SB-BACOMP ; SB-BACOMPD,basketball,nets-and-rims,breakaway-basketball-goals,BREAKAWAY/FLEX GOALS SB-BA3,images/product_72.jpg,https://tomkosports.com/wp-content/uploads/2020/01/bb_pr238h00_a_x-440x440.jpg
Nylon Net,NYLON NET,SB-144 ; SB-288,basketball,nets-and-rims,institutional-nylon-basketball-net,NYLON NET SB-144,images/product_73.jpg,https://tomkosports.com/wp-content/uploads/2020/01/Nylon-Net-440x450.jpg
Premium Steel Chain Net,PREMIUM STEEL,SB-SPCN,basketball,nets-and-rims,premium-steel-basketball-net,PREMIUM STEEL SB-SPCN,images/product_74.jpg,https://tomkosports.com/wp-content/uploads/2020/01/Premium-Chain-Ne-440x451.jpg
Polyethylene Net,POLYETHYLENE NET,SB-OPBN,basketball,nets-and-rims,polyethylene-net,POLYETHYLENE NET SB-OPBN,images/product_75.jpg,https://tomkosports.com/wp-content/uploads/2021/03/Polyethylene-Net-440x497.jpg
SOCCER PRO TRAINER,SOCCER PRO,SS-STPT,ball-machines,sports-tutor-ball-machines-canada,soccer-practice-machines,SOCCER PRO SS-STPT,images/product_76.jpg,https://tomkosports.com/wp-content/uploads/2020/01/soccer-pro-trainer-440x457.png
SOCCER TUTOR COACH,TUTOR,SS-STG,ball-machines,sports-tutor-ball-machines-canada,soccer-practice-machines,TUTOR SS-STG,images/product_77.jpg,https://tomkosports.com/wp-content/uploads/2020/01/Soccer-Tutor-Coach-440x457.png
“Professional” Ice Hockey Goal,“PROFESSIONAL” ICE,SH-100F40 ; SH-100F44 ; SH-HNC,hockey-lacrosse,professional-hockey-goal-frame,,“PROFESSIONAL” ICE SH-100F40,images/product_78.jpg,https://tomkosports.com/wp-content/uploads/2019/12/professional-hockey-goal-440x435.jpg
“Practice” Ice Hockey Goal,“PRACTICE” ICE,SH-100PR,hockey-lacrosse,practice-ice-hockey-goal,,“PRACTICE” ICE SH-100PR,images/product_79.jpg,https://tomkosports.com/wp-content/uploads/2022/03/practice-hockey-goal-440x478.jpg
Ice Hockey Frame Accessories,ICE HOCKEY,SH-NPBN ; SH-NPPV ; SH-BF ; SH-BN3,hockey-lacrosse,ice-hockey-frame-accessories,,ICE HOCKEY SH-NPBN,images/product_80.jpg,https://tomkosports.com/wp-content/uploads/2022/03/hockey-frame-accessories-440x449.jpg
Box Lacrosse Goals,BOX LACROSSE,SH-BLG,hockey-lacrosse,box-lacrosse-goals,,BOX LACROSSE SH-BLG,images/product_81.jpg,https://tomkosports.com/wp-content/uploads/2019/12/SH-BLG-300x225-1.jpg
Field Lacrosse Goal,FIELD LACROSSE,SH-FLG,hockey-lacrosse,field-lacrosse-goal,,FIELD LACROSSE SH-FLG,images/product_82.jpg,https://tomkosports.com/wp-content/uploads/2021/03/Field-Lacrosse-Goal-1.jpg
6.0mm Hockey Net,6.0MM HOCKEY,SH-N600,hockey-lacrosse,professional-knot-less-hockey-net-pair-6mm-poly-resin,,6.0MM HOCKEY SH-N600,images/product_83.jpg,https://tomkosports.com/wp-content/uploads/2019/12/6.0-netting-440x478.jpg
TENNIS TUTOR PLUS & PLUS PLAYER,TUTOR,TB-TUT2P ; TB-TUT3P ; TB-TUTPP ; TB-TUTPPR ; TB-TUTPPMR,ball-machines,sports-tutor-ball-machines-canada,tennis-ball-machines,TUTOR TB-TUT2P,images/product_84.jpg,https://tomkosports.com/wp-content/uploads/2021/02/Tennis-Tutor-Plus-Player-440x547.jpg
AcoustiFence Noise Reduction,ACOUSTIFENCE NOISE,TW-AB,pickleball,sound-reduction,acoustifence-by-acoustiblok,ACOUSTIFENCE NOISE TW-AB,images/product_85.jpg,https://tomkosports.com/wp-content/uploads/2019/12/ABAFPublix2560-e1576173576803-440x211.jpg
VCP Max Windscreen,VCP MAX,TW-VCPMAX6 ; TW-VCPMAX9,windscreens-and-netting,vcp-max-windscreen,,VCP MAX TW-VCPMAX6,images/product_86.jpg,https://tomkosports.com/wp-content/uploads/2021/04/VCP-Max-WIndscreen-1-440x443.jpg
VCP Premium Windscreen,VCP PREMIUM,TW-VCP6 ; TW-VCP9,windscreens-and-netting,vcp-premium-windscreen-8-oz,,VCP PREMIUM TW-VCP6,images/product_87.jpg,https://tomkosports.com/wp-content/uploads/2019/10/VCP-Windscreen-3-440x440.jpg
Enviroscreen/Privacy Screen,ENVIROSCREEN/PRIVACY SCREEN,SF-ENV44 ; SF-ENV68,windscreens-and-netting,enviroscreen-rolls,,ENVIROSCREEN/PRIVACY SCREEN SF-ENV44,images/product_88.jpg,https://tomkosports.com/wp-content/uploads/2019/11/Enviroscreen-440x403.jpg
Divider Netting,DIVIDER NETTING,TW-DNET ; TW-D420,windscreens-and-netting,hd-divider-net-10-x-60,,DIVIDER NETTING TW-DNET,images/product_89.jpg,https://tomkosports.com/wp-content/uploads/2019/12/Divider-Netting-1-440x443.jpg
WILSON PORTABLE,WILSON,TB-WILS ; TB-WILSR ; TB-WILS2L ; TB-WILS2LR,ball-machines,sports-tutor-ball-machines-canada,tennis-ball-machines,WILSON TB-WILS,images/product_90.jpg,https://tomkosports.com/wp-content/uploads/2020/01/Wilson-Portable.jpg
Har-Tru – Clay Court,HAR-TRU –,TS-HT,court-materials-accessories,har-tru-clay,har-tru-court-clay,HAR-TRU – TS-HT,images/product_91.jpg,https://tomkosports.com/wp-content/uploads/2019/12/Har-Tru-Material-440x441.jpg
SHOTMAKER MINI,SHOTMAKER MINI,TB-SHMSD ; TB-SHMPLAY ; TB-SHMDLXP,ball-machines,sports-tutor-ball-machines-canada,tennis-ball-machines,SHOTMAKER MINI TB-SHMSD,images/product_92.jpg,https://tomkosports.com/wp-content/uploads/2021/02/Shotmaker-mini-1-440x333.jpg
CourtPac Ride-On Rollers,COURTPAC RIDE-ON,TS-CPR,court-materials-accessories,clay-court-materials,court-pac-ride-on-rollers,COURTPAC RIDE-ON TS-CPR,images/product_93.jpg,https://tomkosports.com/wp-content/uploads/2019/12/Court-Pac-Roller-440x404.jpg
Aussie Clean Sweep,AUSSIE CLEAN,TS-ACS,court-materials-accessories,clay-court-materials,aussie-clean-sweep,AUSSIE CLEAN TS-ACS,images/product_94.jpg,https://tomkosports.com/wp-content/uploads/2019/12/Aussie-Clean-Sweep-440x407.jpg
Gator Rake,GATOR RAKE,TN-GR24 ; TN-GR72 ; TN-GR72TPRO,court-materials-accessories,clay-court-materials,gator-rake,GATOR RAKE TN-GR24,images/product_95.jpg,https://tomkosports.com/wp-content/uploads/2019/12/Gator-Rake-440x420.jpg
SHOTMAKER PROFESSIONAL,SHOTMAKER PROFESSIONAL,TB-SHSD ; TB-SHSDLXP,ball-machines,sports-tutor-ball-machines-canada,tennis-ball-machines,SHOTMAKER PROFESSIONAL TB-SHSD,images/product_96.jpg,https://tomkosports.com/wp-content/uploads/2021/02/Shotmaker-Professional.jpg
Drag Brush,DRAG BRUSH,TS-DB ; TS-DBL ; TS-SSDB,court-materials-accessories,clay-court-materials,drag-brush,DRAG BRUSH TS-DB,images/product_97.jpg,https://tomkosports.com/wp-content/uploads/2019/12/Drag-Brush-1-440x424.jpg
Lute/Scarifier,LUTE/SCARIFIER,TS-LS,court-materials-accessories,clay-court-materials,scarifer-lute,LUTE/SCARIFIER TS-LS,images/product_98.jpg,https://tomkosports.com/wp-content/uploads/2019/12/146-3047_x448-440x292.jpg
Hand Roller,HAND ROLLER,TS-ROLL ; TS-ROLLHD ; TS-ROLLHDL,court-materials-accessories,clay-court-materials,hand-roller,HAND ROLLER TS-ROLL,images/product_99.jpg,https://tomkosports.com/wp-content/uploads/2019/12/Hand-Roller-440x454.jpg
Split-Roll Hand-Tow Roller,SPLIT-ROLL HAND-TOW,TS-ROLLSP,court-materials-accessories,clay-court-materials,split-roll-hand-tow-roller,SPLIT-ROLL HAND-TOW TS-ROLLSP,images/product_100.jpg,https://tomkosports.com/wp-content/uploads/2019/12/Split-Hand-Tow-Roller-3-440x439.jpg
Scrusher,SCRUSHER,TS-SCSC,court-materials-accessories,shoe-cleaners,scrusher,SCRUSHER TS-SCSC,images/product_101.jpg,https://tomkosports.com/wp-content/uploads/2019/12/Scrusher-440x439.jpg
Tread Blaster,TREAD BLASTER,TS-TBLAST,court-materials-accessories,shoe-cleaners,treadblaster,TREAD BLASTER TS-TBLAST,images/product_102.jpg,https://tomkosports.com/wp-content/uploads/2019/12/tread-blaster-440x436.png
Tennie Two-Step,TENNIE TWO-STEP,TS-TTSNB ; TS-TTSWB,court-materials-accessories,shoe-cleaners,tennie-two-step,TENNIE TWO-STEP TS-TTSNB,images/product_103.jpg,https://tomkosports.com/wp-content/uploads/2019/12/Tennie-Two-Step-440x407.jpg
Court Maid,COURT MAID,TS-CM,court-materials-accessories,shoe-cleaners,court-maid,COURT MAID TS-CM,images/product_104.jpg,https://tomkosports.com/wp-content/uploads/2021/04/Court-Maid-Shoe-Cleaner-440x367.jpg
Line Master,LINE MASTER,TS-LM,court-materials-accessories,clay-court-materials,line-master,LINE MASTER TS-LM,images/product_105.jpg,https://tomkosports.com/wp-content/uploads/2019/12/Line-Master-440x394.jpg
Line Scrub,LINE SCRUB,TS-LSC,court-materials-accessories,clay-court-materials,line-scrub,LINE SCRUB TS-LSC,images/product_106.jpg,https://tomkosports.com/wp-content/uploads/2021/04/Line-Scrub-440x407.jpg
HD Unicourt Net System,HD UNICOURT,TU-NET-B,multi-sport,unicourt-multinet-system,,HD UNICOURT TU-NET-B,images/product_107.jpg,https://tomkosports.com/wp-content/uploads/2019/12/68125S-1-1-scaled-e1575918367351-440x587.jpg
Unicourt Net,UNICOURT NET,TU-NETS ; TU-NETL ; TU-NETXL,multi-sport,unicourt-net,,UNICOURT NET TU-NETS,images/product_108.jpg,https://tomkosports.com/wp-content/uploads/2019/12/28024-440x440.jpg
Economy Multi-Purpose Post System,ECONOMY MULTI-PURPOSE,TU-NETEC ; TU-NETECP,multi-sport,economy-multi-purpose-post-system,,ECONOMY MULTI-PURPOSE TU-NETEC,images/product_109.jpg,https://tomkosports.com/wp-content/uploads/2021/04/Multi-Purpose-Post-System-440x441.jpg
LED Light Extension for Unicourt System,LED LIGHT,TU-NETLSLED,accessories,court-lighting,unicourt-light-extension,LED LIGHT TU-NETLSLED,images/product_110.jpg,https://tomkosports.com/wp-content/uploads/2019/12/68513-440x440.jpg
Tennis Lighting Extensions/Arms,TENNIS LIGHTING,TL-MAS,accessories,court-lighting,tennis-lighting-extensions-arms,TENNIS LIGHTING TL-MAS,images/product_111.jpg,https://tomkosports.com/wp-content/uploads/2021/04/Double-Fixture-Arm-440x440.jpg
Tennis Lighting Poles,TENNIS LIGHTING,TL-BP4R ; TL-BP5R,accessories,court-lighting,tennis-lighting-poles,TENNIS LIGHTING TL-BP4R,images/product_112.jpg,https://tomkosports.com/wp-content/uploads/2021/04/Light-Pole-Steel-440x395.jpg
Stand Alone LED Light System,STAND ALONE,TU-SALSLED,accessories,court-lighting,stand-alone-led-light-system,STAND ALONE TU-SALSLED,images/product_113.jpg,https://tomkosports.com/wp-content/uploads/2020/01/68517-scaled-e1580322731846-440x460.jpg
Line Tape,LINE TAPE,TS-15CP ; TS-15DP ; TS-15HBP,court-materials-accessories,line-tapes,line-tape,LINE TAPE TS-15CP,images/product_114.jpg,https://tomkosports.com/wp-content/uploads/2019/12/Line-Tape-1-440x439.jpg
Tape Stretcher,TAPE STRETCHER,TS-TS,court-materials-accessories,line-tapes,tape-stretcher,TAPE STRETCHER TS-TS,images/product_115.jpg,https://tomkosports.com/wp-content/uploads/2020/01/Screenshot-440x445.png
Line Tape Layout Cables,LINE TAPE,TS-TLC,court-materials-accessories,line-tapes,line-tape-layout-cables,LINE TAPE TS-TLC,images/product_116.jpg,https://tomkosports.com/wp-content/uploads/2020/01/Screenshot-1-440x334.png
2-1/2″ & 3″ Aluminum Nails,2-1/2″ &,TS-NAILS2 ; TS-NAILS3,court-materials-accessories,line-tapes,large-head-aluminum-nails,2-1/2″ & TS-NAILS2,images/product_117.jpg,https://tomkosports.com/wp-content/uploads/2019/12/Aluminum-Nails-2-440x440.jpg
Full Tennis Court Cover,FULL TENNIS,TS-TCC,court-materials-accessories,clay-court-materials,polyethylene-court-covers-6oz,FULL TENNIS TS-TCC,images/product_118.jpg,https://tomkosports.com/wp-content/uploads/2019/12/30105-e1575917908146-440x274.jpg
In-Ground Net Rebounders,IN-GROUND NET,TB-RBNIG ; TB-RBNIG10,tennis,rebounders,in-ground-court-rebound-net,IN-GROUND NET TB-RBNIG,images/product_119.jpg,https://tomkosports.com/wp-content/uploads/2019/12/In-Ground-Rebounder-5-440x440.jpg
Rebounder Deluxe,REBOUNDER DELUXE,TB-RBND,tennis,rebounders,rebounder-deluxe,REBOUNDER DELUXE TB-RBND,images/product_120.jpg,https://tomkosports.com/wp-content/uploads/2022/07/rebounder-deluxe-440x378.jpg
Rally Master Backboard,RALLY MASTER,TB-RM2,tennis,rebounders,rally-master,RALLY MASTER TB-RM2,images/product_121.jpg,https://tomkosports.com/wp-content/uploads/2019/12/Tomar-Park-Sioux-Falls-SD2.jpg
Rally Master Catch Net,RALLY MASTER,TB-RM3,tennis,rebounders,rally-master-catch-net,RALLY MASTER TB-RM3,images/product_122.jpg,https://tomkosports.com/wp-content/uploads/2021/04/Rally-Master-Catch-Net-440x441.jpg
Scor-Post® Pro,SCOR-POST® PRO,TA-SCP ; TA-SCPS ; TA-CSPM,accessories,ball-pick-ups,scorekeepers,SCOR-POST® PRO TA-SCP,images/product_123.jpg,https://tomkosports.com/wp-content/uploads/2021/03/Scor-post-440x411.jpg
Professional Tennis Scorekeeper,PROFESSIONAL TENNIS,TA-PTSKP,accessories,ball-pick-ups,scorekeepers,PROFESSIONAL TENNIS TA-PTSKP,images/product_124.jpg,https://tomkosports.com/wp-content/uploads/2023/06/pro-tennis-scorekeeper-440x481.jpg
LoveOne Pickleball Scoreboard,LOVEONE PICKLEBALL,TA-LOP,accessories,ball-pick-ups,scorekeepers,LOVEONE PICKLEBALL TA-LOP,images/product_125.jpg,https://tomkosports.com/wp-content/uploads/2020/04/LoveOne-pickleball-scorekeeper-durable-visible-easy-140-3503_1024x1024-440x587.gif
Court Numbers,COURT NUMBERS,TA-CNB-G,accessories,ball-pick-ups,court-numbers,COURT NUMBERS TA-CNB-G,images/product_126.jpg,https://tomkosports.com/wp-content/uploads/2019/11/140-01GN_x448.jpg
Fence Cabana,FENCE CABANA,TW-FC,accessories,shade-structures,fence-cabana,FENCE CABANA TW-FC,images/product_127.jpg,https://tomkosports.com/wp-content/uploads/2023/05/shade-structure-440x427.jpg
PRO SCOREKEEPER NUMBER SET,PRO SCOREKEEPER,TA-PSCNUMT,accessories,ball-pick-ups,scorekeepers,PRO SCOREKEEPER TA-PSCNUMT,images/product_128.jpg,https://tomkosports.com/wp-content/uploads/2021/03/pro-tennis-scorekeeper-numbers-440x439.png
Overhead LED Court Lighting,HEAD,TL-VUE,accessories,court-lighting,overhead-led-court-lighting,HEAD TL-VUE,images/product_129.jpg,https://tomkosports.com/wp-content/uploads/2019/12/VueTennis_solo-scaled-e1575492937767-440x440.png
3″/3.5″ SQ Outdoor Volleyball System,3″/3.5″ SQ,SV-VBS3SQ ; SV-VBS3,volleyball,outdoor-volleyball-system-with-net,,3″/3.5″ SQ SV-VBS3SQ,images/product_130.jpg,https://tomkosports.com/wp-content/uploads/2019/12/65115-1-1-440x440.jpg
Portable Badminton Game Standards,PORTABLE BADMINTON,SG-PBS,volleyball,portable-badminton-game-standards,,PORTABLE BADMINTON SG-PBS,images/product_131.jpg,https://tomkosports.com/wp-content/uploads/2021/09/Badminton-Portable-440x430.jpg
Tomko Competition Volleyball Net,TOMKO COMPETITION,SV-N1000,volleyball,competition-volleyball-net,,TOMKO COMPETITION SV-N1000,images/product_132.jpg,https://tomkosports.com/wp-content/uploads/2019/12/31PjIOuvueL._SX342_.jpg
VOLLEYBALL ANTENNA,VOLLEYBALL ANTENNA,SV-VBANT,volleyball,volleyball-antenna,,VOLLEYBALL ANTENNA SV-VBANT,images/product_133.jpg,https://tomkosports.com/wp-content/uploads/2024/05/antennas-440x459.jpg
Box Lacrosse Goals Nets,BOX LACROSSE,SH-BLN,hockey-lacrosse,box-lacrosse-goals-nets,,BOX LACROSSE SH-BLN,images/product_134.jpg,https://tomkosports.com/wp-content/uploads/2019/12/SH-BLN-300x225-1.jpg
Official Field Hockey Goal,OFFICIAL FIELD,SS-FHG,hockey-lacrosse,official-field-hockey-goal,,OFFICIAL FIELD SS-FHG,images/product_135.jpg,https://tomkosports.com/wp-content/uploads/2019/12/fhg2al712pb-field-hockey-goal-made-of-2-inch-square-aluminum-with-poly-boards-440x440.jpg
Standard 4-Wheel Line Marker,STANDARD 4-WHEEL,SF-LM65 ; SF-LMHD50 ; SF-LMHD100,field-equipment,field-marking,standard-4-wheel-line-marker-2,STANDARD 4-WHEEL SF-LM65,images/product_136.jpg,https://tomkosports.com/wp-content/uploads/2021/09/Dry-Line-Marker-4-wheel-1-440x430.jpg
Athletic 4-Wheel Aerosol Striping Machine,ATHLETIC 4-WHEEL,SF-SSL,field-equipment,field-marking,premium-4-wheel-rust-oleum-aerosol-spray-liner,ATHLETIC 4-WHEEL SF-SSL,images/product_137.jpg,https://tomkosports.com/wp-content/uploads/2019/12/4-wheel-aerosol-machine-440x430.jpg
Standard 2-Wheel Line Marker,STANDARD 2-WHEEL,SF-LM15 ; SF-LM25,field-equipment,field-marking,standard-2-wheel-line-marker,STANDARD 2-WHEEL SF-LM15,images/product_138.jpg,https://tomkosports.com/wp-content/uploads/2021/09/Dry-Line-Marker-2-wheel-440x430.jpg
Field Lazer Airless Line Striper S100,FIELD LAZER,SF-LAZERS100,field-equipment,field-marking,field-lazer-airless-line-striper-s100,FIELD LAZER SF-LAZERS100,images/product_139.jpg,https://tomkosports.com/wp-content/uploads/2021/09/Airless-Line-STriper-440x430.jpg
Line Lazer Gas Airless Line Striper 3400,LINE LAZER,SF-LAZER3400,field-equipment,field-marking,line-lazer-gas-airless-line-striper-3400,LINE LAZER SF-LAZER3400,images/product_140.jpg,https://tomkosports.com/wp-content/uploads/2021/09/Airless-Line-Striper-3400-440x430.jpg
Water-Based Aerosol Field Striping Paint,WATER-BASED AEROSOL,SF-SAFP ; SF-SAFPY ; SF-SAFPO,field-equipment,field-marking,missisouri-turf-water-based-aerosol-field-striping-paint,WATER-BASED AEROSOL SF-SAFP,images/product_141.jpg,https://tomkosports.com/wp-content/uploads/2019/12/Seymour-20-644-Stripe-Athletic-Field-Marking-Spray-Paint-White-18-Oz-440x440.jpg
Complete Endurance® Systems,COMPLETE ENDURANCE®,SB-ESUG ; SB-EGBA ; SB-EABA ; SB-EPBA,basketball,institutional-systems,complete-endurance-systems,COMPLETE ENDURANCE® SB-ESUG,images/product_142.jpg,https://tomkosports.com/wp-content/uploads/2019/12/GP106A6020pic_MAIN-e1575481785845-440x440.jpg
PicklePave,PICKLEPAVE,CP-PP,court-surfacing-materials,picklepave,,PICKLEPAVE CP-PP,images/product_143.jpg,https://tomkosports.com/wp-content/uploads/2020/01/picklepave-1-768x1005-1-e1579293228438-440x665.jpg
Plexipave,PLEXIPAVE,CP-FORT,court-surfacing-materials,plexipave-surfacing-systems,,PLEXIPAVE CP-FORT,images/product_144.jpg,https://tomkosports.com/wp-content/uploads/2019/12/Plexipave-440x449.jpg
Plexicolor Line Paint,PLEXICOLOR LINE,CP-LP,court-surfacing-materials,plexicolor-line-marking-paint,,PLEXICOLOR LINE CP-LP,images/product_145.jpg,https://tomkosports.com/wp-content/uploads/2019/12/CP-LPW5-e1576261214660-440x330.jpg
Crack Fillers,CRACK FILLERS,CP-LPCF-S ; CP-PCFN2-S,court-surfacing-materials,liquid-pourable-crack-filler-1-us-gallon,,CRACK FILLERS CP-LPCF-S,images/product_146.jpg,https://tomkosports.com/wp-content/uploads/2019/12/CP-LPCF1-e1576263976634-440x330.jpg
Portable/Foldable Indoor Soccer Goal,PORTABLE/FOLDABLE INDOOR,SS-ISG,soccer,goals-nets,portable-foldable-indoor-soccer-goal,PORTABLE/FOLDABLE INDOOR SS-ISG,images/product_147.jpg,https://tomkosports.com/wp-content/uploads/2023/03/Indoor-Goal-440x432.jpg
Round Classic Club Goals,ROUND CLASSIC,SS-C3,soccer,goals-nets,round-classic-club-goals,ROUND CLASSIC SS-C3,images/product_148.jpg,https://tomkosports.com/wp-content/uploads/2019/12/918770bde95d2d8ec6cac1ee36490861-440x440.jpg
Football / Soccer Combo,FOOTBALL /,SS-FSC,soccer,goals-nets,football-soccer-combo,FOOTBALL / SS-FSC,images/product_149.jpg,https://tomkosports.com/wp-content/uploads/2019/12/0007463_bsn-footballsoccer-combo-goal_300.png
Official Gooseneck Goalposts,OFFICIAL GOOSENECK,SS-OFU,soccer,goals-nets,official-gooseneck-goalposts,OFFICIAL GOOSENECK SS-OFU,images/product_150.jpg,https://tomkosports.com/wp-content/uploads/2019/12/Rogers-Goal-Post_1200x1200_500x500-440x440.jpg
Classic “H” Shape Goal Post,CLASSIC “H”,SS-CHFU,soccer,goals-nets,classic-h-shape-goal-post,CLASSIC “H” SS-CHFU,images/product_151.jpg,https://tomkosports.com/wp-content/uploads/2019/12/fb_sthsfbgp_a_x-440x440.jpg
Manchester Match Goal,MANCHESTER MATCH,SS-CG-4R,soccer,goals-nets,manchester-match-goal,MANCHESTER MATCH SS-CG-4R,images/product_152.jpg,https://tomkosports.com/wp-content/uploads/2019/12/sga402_x-440x440.jpg
Euro Stadium Alumagoal,EURO STADIUM,SS-EUROS-4R,soccer,goals-nets,euro-stadium-alumagoal,EURO STADIUM SS-EUROS-4R,images/product_153.jpg,https://tomkosports.com/wp-content/uploads/2019/12/71Ax6BUzMML._SX425_.jpg
Batting Tunnels,BATTING TUNNELS,SL-BTH55 ; SL-BTXH55,baseball,batting-tunnels,batting-tunnels,BATTING TUNNELS SL-BTH55,images/product_154.jpg,https://tomkosports.com/wp-content/uploads/2022/05/Batting-Tunnels-440x440.png
Nets – Soccer,NETS –,SS-OFU,soccer,goals-nets,nets-soccer,NETS – SS-OFU,images/product_155.jpg,https://tomkosports.com/wp-content/uploads/2019/12/SS-N2.5-300x225-1.jpg
Sports Barrier Nets,SPORTS BARRIER,SL-CBN,baseball,sports-barrier-nets,,SPORTS BARRIER SL-CBN,images/product_156.jpg,https://tomkosports.com/wp-content/uploads/2019/12/barriernets_1022-1-440x293.jpg
EASY TOSS – BASEBALL,EASY TOSS,SL-ETRB,ball-machines,sports-tutor-ball-machines-canada,baseball-throwing-machines,EASY TOSS SL-ETRB,images/product_157.jpg,https://tomkosports.com/wp-content/uploads/2020/01/easy-toss-440x448.png
EASY TOSS – SOFTBALL,EASY TOSS,SL-ETRB,ball-machines,sports-tutor-ball-machines-canada,softball-throwing-machines,EASY TOSS SL-ETRB,images/product_158.jpg,https://tomkosports.com/wp-content/uploads/2020/01/easy-toss-440x448.png
BASEBALL TUTOR,TUTOR,SL-STPT,ball-machines,sports-tutor-ball-machines-canada,baseball-throwing-machines,TUTOR SL-STPT,images/product_159.jpg,https://tomkosports.com/wp-content/uploads/2020/01/Polyball-Tutor-1-440x510.jpg
BATTING TUTOR – SOFTBALL,TUTOR,SL-STBT,ball-machines,sports-tutor-ball-machines-canada,softball-throwing-machines,TUTOR SL-STBT,images/product_160.jpg,https://tomkosports.com/wp-content/uploads/2021/02/Batting-Tutor-Softball-1-440x394.jpg
BATTING TUTOR – BASEBALL,TUTOR,SL-STBT,ball-machines,sports-tutor-ball-machines-canada,baseball-throwing-machines,TUTOR SL-STBT,images/product_161.jpg,https://tomkosports.com/wp-content/uploads/2020/01/Batting-Tutor-Baseball-440x421.jpg
TRIPLEPLAY PLUS – BASEBALL,TRIPLEPLAY PLUS,SL-STTPP,ball-machines,sports-tutor-ball-machines-canada,baseball-throwing-machines,TRIPLEPLAY PLUS SL-STTPP,images/product_162.jpg,https://tomkosports.com/wp-content/uploads/2021/02/tripleplay-plus-baseball-440x453.png
TRIPLEPLAY PLUS – SOFTBALL,TRIPLEPLAY PLUS,SL-STTPP,ball-machines,sports-tutor-ball-machines-canada,softball-throwing-machines,TRIPLEPLAY PLUS SL-STTPP,images/product_163.jpg,https://tomkosports.com/wp-content/uploads/2021/02/tripleplay-plus-baseball-440x453.png
TRIPLEPLAY PRO – BASEBALL,TRIPLEPLAY PRO,SL-STTPRO,ball-machines,sports-tutor-ball-machines-canada,baseball-throwing-machines,TRIPLEPLAY PRO SL-STTPRO,images/product_164.jpg,https://tomkosports.com/wp-content/uploads/2024/03/tripleplay-pro-baseball-440x503.png
TRIPLEPLAY PRO – SOFTBALL,TRIPLEPLAY PRO,SL-STTPRO,ball-machines,sports-tutor-ball-machines-canada,softball-throwing-machines,TRIPLEPLAY PRO SL-STTPRO,images/product_165.jpg,https://tomkosports.com/wp-content/uploads/2024/03/tripleplay-pro-baseball-440x503.png
TRIPLEPLAY PRIME – BASEBALL,TRIPLEPLAY PRIME,SL-STTPRE,ball-machines,sports-tutor-ball-machines-canada,baseball-throwing-machines,TRIPLEPLAY PRIME SL-STTPRE,images/product_166.jpg,https://tomkosports.com/wp-content/uploads/2024/03/tripleplay-prime-1-440x503.png
TRIPLEPLAY PRIME – SOFTBALL,TRIPLEPLAY PRIME,SL-STTPRE,ball-machines,sports-tutor-ball-machines-canada,softball-throwing-machines,TRIPLEPLAY PRIME SL-STTPRE,images/product_167.jpg,https://tomkosports.com/wp-content/uploads/2024/03/tripleplay-prime-1-440x503.png
TRIPLEPLAY ULTRA – BASEBALL,TRIPLEPLAY ULTRA,SL-STTPU,ball-machines,sports-tutor-ball-machines-canada,baseball-throwing-machines,TRIPLEPLAY ULTRA SL-STTPU,images/product_168.jpg,https://tomkosports.com/wp-content/uploads/2024/03/tripleplay-ultra-440x452.png
TRIPLEPLAY ULTRA – SOFTBALL,TRIPLEPLAY ULTRA,SL-STTPU,ball-machines,sports-tutor-ball-machines-canada,softball-throwing-machines,TRIPLEPLAY ULTRA SL-STTPU,images/product_169.jpg,https://tomkosports.com/wp-content/uploads/2024/03/tripleplay-ultra-440x452.png
Foul Poles,FOUL POLES,SL-FP20,baseball,foul-poles,,FOUL POLES SL-FP20,images/product_170.jpg,https://tomkosports.com/wp-content/uploads/2019/12/bs_bsfoul40f_a_c_x-1-440x440.jpg
PS50™ (BASEBALL / SOFTBALL),PS50™ (BASEBALL,SL-JPS50,ball-machines,jugs-sports,baseball-pitching-machine,PS50™ (BASEBALL SL-JPS50,images/product_171.jpg,https://tomkosports.com/wp-content/uploads/2024/04/ps50-440x446.jpg
MVP® COMBO (BASEBALL / SOFTBALL),MVP® COMBO,SL-JMVPC,ball-machines,jugs-sports,baseball-pitching-machine,MVP® COMBO SL-JMVPC,images/product_172.jpg,https://tomkosports.com/wp-content/uploads/2024/04/mvp-combo-440x446.jpg
BP®1 BASEBALL,BP®1 BASEBALL,SL-JBP1,ball-machines,jugs-sports,baseball-pitching-machine,BP®1 BASEBALL SL-JBP1,images/product_173.jpg,https://tomkosports.com/wp-content/uploads/2024/04/bp1-440x446.jpg
BP®1 COMBO (BASEBALL / SOFTBALL),BP®1 COMBO,SL-JBP1C,ball-machines,jugs-sports,baseball-pitching-machine,BP®1 COMBO SL-JBP1C,images/product_174.jpg,https://tomkosports.com/wp-content/uploads/2024/04/bp1-combo-440x446.jpg
BP®1 SOFTBALL,BP®1 SOFTBALL,SL-JBP1,ball-machines,jugs-sports,softball-pitching-machine,BP®1 SOFTBALL SL-JBP1,images/product_175.jpg,https://tomkosports.com/wp-content/uploads/2024/04/bp1-softball-440x446.jpg
BP®2 BASEBALL,BP®2 BASEBALL,SL-JBP2,ball-machines,jugs-sports,baseball-pitching-machine,BP®2 BASEBALL SL-JBP2,images/product_176.jpg,https://tomkosports.com/wp-content/uploads/2024/04/bp2-440x446.jpg
BP®3 BASEBALL,BP®3 BASEBALL,SL-JBP3,ball-machines,jugs-sports,baseball-pitching-machine,BP®3 BASEBALL SL-JBP3,images/product_177.jpg,https://tomkosports.com/wp-content/uploads/2020/04/bp3-440x446.jpg
CHANGEUP BASEBALL,CHANGEUP BASEBALL,SL-JCHUPB,ball-machines,jugs-sports,baseball-pitching-machine,CHANGEUP BASEBALL SL-JCHUPB,images/product_178.jpg,https://tomkosports.com/wp-content/uploads/2024/04/baseball-changeup-440x446.jpg
JUGS CAROUSEL FEEDER,JUGS CAROUSEL,SL-JCF,ball-machines,jugs-sports,feeders-balls,JUGS CAROUSEL SL-JCF,images/product_179.jpg,https://tomkosports.com/wp-content/uploads/2024/04/feeder.bmp
BP®3 SOFTBALL,BP®3 SOFTBALL,SL-JBP3,ball-machines,jugs-sports,softball-pitching-machine,BP®3 SOFTBALL SL-JBP3,images/product_180.jpg,https://tomkosports.com/wp-content/uploads/2024/04/bp3-softball-440x446.jpg
CHANGEUP SUPER SOFTBALL™,CHANGEUP SUPER,SL-JCHUPS,ball-machines,jugs-sports,softball-pitching-machine,CHANGEUP SUPER SL-JCHUPS,images/product_181.jpg,https://tomkosports.com/wp-content/uploads/2024/04/softball-changeup-440x446.jpg
Ball Hoppers: Softball + Baseball,BALL HOPPERS:,SL-HGBBH,baseball,pitchers-protector-l-screen,,BALL HOPPERS: SL-HGBBH,images/product_182.jpg,https://tomkosports.com/wp-content/uploads/2019/12/image539.png
Basic Corner/Midfield Set,BASIC CORNER/MIDFIELD,SF-BLP6,baseball,basic-corner-midfield-set,,BASIC CORNER/MIDFIELD SF-BLP6,images/product_183.jpg,https://tomkosports.com/wp-content/uploads/2021/05/Infield-Lining-Kit-440x439.jpg
Soccer Goal Safety Padding,SOCCER GOAL,SS-SGSP,soccer,soccer-accessories,soccer-goal-safety-padding,SOCCER GOAL SS-SGSP,images/product_184.jpg,https://tomkosports.com/wp-content/uploads/2023/05/padding-440x427.jpg
Spring Loaded Soccer Corner Flags,SPRING LOADED,SS-4X4S ; SS-6X6S,soccer,soccer-accessories,spring-loaded-soccer-corner-flags,SPRING LOADED SS-4X4S,images/product_185.jpg,https://tomkosports.com/wp-content/uploads/2023/04/spring-loaded-440x427.jpg
Indoor/Outdoor Portable Corner Flags,INDOOR/OUTDOOR PORTABLE,SS-IAPCF,soccer,soccer-accessories,indoor-outdoor-portable-corner-flags,INDOOR/OUTDOOR PORTABLE SS-IAPCF,images/product_186.jpg,https://tomkosports.com/wp-content/uploads/2023/04/portable-spring-loaded-440x427.jpg
Steel Spring Base Flexible Corner Flags,STEEL SPRING,SS-SBFCF,soccer,soccer-accessories,steel-spring-base-flexible-corner-flags,STEEL SPRING SS-SBFCF,images/product_187.jpg,https://tomkosports.com/wp-content/uploads/2023/04/steel-spring-loaded-440x427.jpg
Soccer Goal Sand Bags,SOCCER GOAL,SS-SGBAG,soccer,soccer-accessories,soccer-goal-sand-bags,SOCCER GOAL SS-SGBAG,images/product_188.jpg,https://tomkosports.com/wp-content/uploads/2023/04/sandbag-440x427.jpg
MARKSMART™ FIELD MARKING SYSTEM,MARKSMART™ FIELD,SF-A101 ; SF-GSA12 ; SF-A104 ; SF-A105,soccer,field-marking-soccer,marksmart-field-marking-system,MARKSMART™ FIELD SF-A101,images/product_189.jpg,https://tomkosports.com/wp-content/uploads/2024/04/marksmart-field-lining-440x459.jpg
FIELD LINING HARDWARE,FIELD LINING,SF-A101 ; SF-GSA12 ; SF-A104 ; SF-A105,soccer,field-marking-soccer,field-lining-hardware,FIELD LINING SF-A101,images/product_190.jpg,https://tomkosports.com/wp-content/uploads/2021/05/Marking-Hardware-1-440x486.jpg
Twist-In Net Hooks,TWIST-IN NET,SS-NETCLP,soccer,soccer-accessories,twist-in-net-hooks,TWIST-IN NET SS-NETCLP,images/product_191.jpg,https://tomkosports.com/wp-content/uploads/2023/04/twist-in-net-hooks-440x427.jpg
Screw-in Net Hooks,SCREW-IN NET,SS-RNCLP,soccer,soccer-accessories,screw-in-net-hooks,SCREW-IN NET SS-RNCLP,images/product_192.jpg,https://tomkosports.com/wp-content/uploads/2023/04/screw-in-net-hooks-440x427.jpg
Alumagoal Hook & Loop Net Straps,ALUMAGOAL HOOK,SS-VNSL ; SS-VNSS,soccer,soccer-accessories,alumagoal-hook-loop-net-straps,ALUMAGOAL HOOK SS-VNSL,images/product_193.jpg,https://tomkosports.com/wp-content/uploads/2023/04/velcro-straps-440x427.jpg
Soccer Goal Anchor – Auger Style,SOCCER GOAL,SS-CSGA,soccer,soccer-accessories,soccer-goal-anchor-auger-style,SOCCER GOAL SS-CSGA,images/product_194.jpg,https://tomkosports.com/wp-content/uploads/2023/04/anchor-auger-440x427.jpg
Soccer Goal In-Ground Permanent Anchors,SOCCER GOAL,SS-SGPA,soccer,soccer-accessories,soccer-goal-in-ground-permanent-anchors,SOCCER GOAL SS-SGPA,images/product_195.jpg,https://tomkosports.com/wp-content/uploads/2023/04/inground-anchor-440x427.jpg
Sock Net W/ Frame,SOCK NET,SL-SNF,baseball,sock-net-w-frame-2,,SOCK NET SL-SNF,images/product_196.jpg,https://tomkosports.com/wp-content/uploads/2019/12/bs_bs47700_a_x-440x440.jpg
Big Bubba Batting Cage,BIG BUBBA,SL-BBUBB,baseball,sock-net-w-frame,,BIG BUBBA SL-BBUBB,images/product_197.jpg,https://tomkosports.com/wp-content/uploads/2019/12/bs_bselite_a_x-440x440.jpg
Standard 4-Wheel Line Marker,STANDARD 4-WHEEL,SF-LM,baseball,standard-4-wheel-line-marker,,STANDARD 4-WHEEL SF-LM,images/product_198.jpg,https://tomkosports.com/wp-content/uploads/2019/12/bs_bbhddm10_a_x-440x440.jpg
8 oz. Polyethylene Infield Covers,8 OZ.,SL-C10S ; SL-C20R ; SL-WC10S,baseball,infield-covers,rain-spot-covers,8 OZ. SL-C10S,images/product_199.jpg,https://tomkosports.com/wp-content/uploads/2023/03/Infield-Covers-1-440x375.jpg
FIELD ARMOR BATTER BOX,FIELD ARMOR,SL-FA1 ; SL-FA2 ; SL-FA3,baseball,batters-boxes,batting-mat-pro-lined,FIELD ARMOR SL-FA1,images/product_200.jpg,https://tomkosports.com/wp-content/uploads/2022/08/batter-boxers-440x459.jpg
Pro 4 Way Pitching Rubber,PRO 4,SL-P4WAY,baseball,bases,pro-4-way-pitching-rubber,PRO 4 SL-P4WAY,images/product_201.jpg,https://tomkosports.com/wp-content/uploads/2019/12/BA2029.00.jpg
Step-Down Pitcher’s Plate,STEP-DOWN PITCHER’S,SL-SDPP,baseball,bases,step-down-pitchers-plate,STEP-DOWN PITCHER’S SL-SDPP,images/product_202.jpg,https://tomkosports.com/wp-content/uploads/2019/12/SL-SDPP_399x299-e1575657129195.jpg
Removable Pitchers Plate – Regulation,REMOVABLE PITCHERS,SL-VRPP,baseball,bases,removable-pitchers-plate-regulation,REMOVABLE PITCHERS SL-VRPP,images/product_203.jpg,https://tomkosports.com/wp-content/uploads/2019/12/bs_bsigppsr_a_x-440x440.jpg
Regulation Pitchers Plate,REGULATION PITCHERS,SL-RPP,baseball,bases,regulation-pitchers-plate,REGULATION PITCHERS SL-RPP,images/product_204.jpg,https://tomkosports.com/wp-content/uploads/2019/12/SL-RPP-300x225.jpg
In-Ground Home Plate,IN-GROUND HOME,SL-IGHP,baseball,bases,in-ground-home-plate,IN-GROUND HOME SL-IGHP,images/product_205.jpg,https://tomkosports.com/wp-content/uploads/2019/12/SL-IGHP-300x225.jpg
Standard Safety Home Plate,STANDARD SAFETY,SL-SHP,baseball,bases,standard-safety-home-plate,STANDARD SAFETY SL-SHP,images/product_206.jpg,https://tomkosports.com/wp-content/uploads/2019/12/SL-SHP-300x225.jpg
Major League Home Plate,MAJOR LEAGUE,SL-MLHP,baseball,bases,major-league-home-plate,MAJOR LEAGUE SL-MLHP,images/product_207.jpg,https://tomkosports.com/wp-content/uploads/2019/12/SL-MLHP-300x225.jpg
Regulation Double First Base,REGULATION DOUBLE,SL-RDFB,baseball,bases,regulation-double-first-base,REGULATION DOUBLE SL-RDFB,images/product_208.jpg,https://tomkosports.com/wp-content/uploads/2019/12/Regulation-Double-First-Bae-440x398.jpg
Throw Down Base & Plate Set,THROW DOWN,SL-TDBB,baseball,bases,throw-down-base-plate-set,THROW DOWN SL-TDBB,images/product_209.jpg,https://tomkosports.com/wp-content/uploads/2021/09/Throw-Down-Base-Set-440x417.jpg
PLATE & BASE ORANGE RUBBER ANCHOR PLUG,PLATE &,SL-BBPLUG,baseball,accessories-baseball,rubber-plugs,PLATE & SL-BBPLUG,images/product_210.jpg,https://tomkosports.com/wp-content/uploads/2019/11/SL-BBPLUG_200x200.jpg
PLATE & BASE FEATHERED PLUG,PLATE &,SL-BBFPLUG,baseball,accessories-baseball,plate-base-feathered-plug,PLATE & SL-BBFPLUG,images/product_211.jpg,https://tomkosports.com/wp-content/uploads/2021/09/Feathered-Plug-440x418.jpg
PLATE & BASE ANCHOR,PLATE &,SL-ANCHOR,baseball,accessories-baseball,base-anchor-set,PLATE & SL-ANCHOR,images/product_212.jpg,https://tomkosports.com/wp-content/uploads/2021/09/Ground-Anchor-440x418.jpg
DIG OUT TOOL,DIG OUT,SL-DIGOUT,baseball,accessories-baseball,dig-out-tool,DIG OUT SL-DIGOUT,images/product_213.jpg,https://tomkosports.com/wp-content/uploads/2021/09/Digout-Tool-440x438.jpg
REGULATION BASE SPIKES,REGULATION BASE,SL-SPIKE,baseball,accessories-baseball,regulation-bases-spikes,REGULATION BASE SL-SPIKE,images/product_214.jpg,https://tomkosports.com/wp-content/uploads/2021/09/Replacement-Spikes-440x398.jpg
RUBBER CENTER POST,RUBBER CENTER,SL-CPOST,baseball,accessories-baseball,replacement-rubber-center-post,RUBBER CENTER SL-CPOST,images/product_215.jpg,https://tomkosports.com/wp-content/uploads/2021/09/Center-Post-440x438.jpg
Magnetic Super Base,MAGNETIC SUPER,SL-MSB,baseball,bases,magnetic-super-base,MAGNETIC SUPER SL-MSB,images/product_216.jpg,https://tomkosports.com/wp-content/uploads/2019/11/product_1665__62251_200x200.jpg
Hollywood Quick Release Base,HOLLYWOOD QUICK,SL-HIBL,baseball,bases,hollywood-quick-release-base,HOLLYWOOD QUICK SL-HIBL,images/product_217.jpg,https://tomkosports.com/wp-content/uploads/2019/11/s-l300_200x200.jpg
Safety Rubber Double First Base,SAFETY RUBBER,SL-SRDFB,baseball,bases,safety-rubber-double-first-base,SAFETY RUBBER SL-SRDFB,images/product_218.jpg,https://tomkosports.com/wp-content/uploads/2019/11/Safety-Double-First-Base-440x417.jpg
Collegiate Strapless Bases,COLLEGIATE STRAPLESS,SL-BBBASEBO,baseball,bases,collegiate-strapless-bases,COLLEGIATE STRAPLESS SL-BBBASEBO,images/product_219.jpg,https://tomkosports.com/wp-content/uploads/2021/09/Collegiate-Strapless-440x417.jpg
Regulation Bases,REGULATION BASES,SL-RBB ; SL-JBB,baseball,bases,regulation-bases,REGULATION BASES SL-RBB,images/product_220.jpg,https://tomkosports.com/wp-content/uploads/2021/09/Regulation-Bases-440x438.jpg
Safety Rubber Bases,SAFETY RUBBER,SL-SRBB ; SL-SRBBNA,baseball,bases,safety-rubber-bases,SAFETY RUBBER SL-SRBB,images/product_221.jpg,https://tomkosports.com/wp-content/uploads/2019/11/s-l225.jpg
MacGregor Major League Pro Bases,MACGREGOR,SL-MLBB ; SL-MLBBNA,baseball,bases,macgregor-major-league-bases,MACGREGOR SL-MLBB,images/product_222.jpg,https://tomkosports.com/wp-content/uploads/2019/11/bs_1055412_a_x_200x200.jpg
Champion PolyPro Composite Paddle,CHAMPION POLYPRO,TP-CPCP,pickleball,balls-and-paddles,champion-polypro-composite-paddle,CHAMPION POLYPRO TP-CPCP,images/product_223.jpg,https://tomkosports.com/wp-content/uploads/2020/03/PB119PP-8-440x440.jpg
Rally Meister Wood Paddle,RALLY MEISTER,TP-RMWP,pickleball,balls-and-paddles,rally-meister-wood-paddle,RALLY MEISTER TP-RMWP,images/product_224.jpg,https://tomkosports.com/wp-content/uploads/2021/04/Rally-Meister-Paddle-1-440x441.jpg
HDPE Pickleball Paddle Rack,HDPE PICKLEBALL,TP-PPR,pickleball,balls-and-paddles,nextup-pickleball-paddle-rack,HDPE PICKLEBALL TP-PPR,images/product_225.jpg,https://tomkosports.com/wp-content/uploads/2021/02/paddle-rack-2-440x335.jpg
Premium TOP Pickleball,PREMIUM TOP,TP-PPBT6,pickleball,balls-and-paddles,dura-fast-40-outdoor-pickleballs,PREMIUM TOP TP-PPBT6,images/product_226.jpg,https://tomkosports.com/wp-content/uploads/2020/04/Pickleballs-440x440.jpg
MultiCourt Barrier System,MULTICOURT BARRIER,TP-PMCBS,pickleball,temporary-fencing,multicourt-barrier-system,MULTICOURT BARRIER TP-PMCBS,images/product_227.jpg,https://tomkosports.com/wp-content/uploads/2023/03/barrier-system-440x423.jpg
Top Rail Fence Guard,TOP RAIL,SF-FGUARDL ; SF-FGUARD ; SF-FGUARDP,pickleball,fence-guard,top-rail-fence-guard,TOP RAIL SF-FGUARDL,images/product_228.jpg,https://tomkosports.com/wp-content/uploads/2019/11/FG-80-2-440x440.jpg
Poly-Cap Fence Guard,POLY-CAP FENCE,SF-PCAP,pickleball,fence-guard,poly-cap-fence-guard,POLY-CAP FENCE SF-PCAP,images/product_229.jpg,https://tomkosports.com/wp-content/uploads/2020/01/Poly-Cap-1-440x435.jpg
Poly-Cap Installation Tool,POLY-CAP INSTALLATION,SF-PCAPI,pickleball,fence-guard,poly-cap-installation-tool,POLY-CAP INSTALLATION SF-PCAPI,images/product_230.jpg,https://tomkosports.com/wp-content/uploads/2021/03/Poly-Cap-Tool-440x337.jpg
19″ Poly-Cap Ties,19″ POLY-CAP,SF-PCTIE,pickleball,fence-guard,19-poly-cap-ties,19″ POLY-CAP SF-PCTIE,images/product_231.jpg,https://tomkosports.com/wp-content/uploads/2021/03/Poly-Cap-Ties-440x398.jpg
Infield Drag Mats,INFIELD DRAG,SF-DM,field-equipment,drag-mats,infield-drag-mats,INFIELD DRAG SF-DM,images/product_232.jpg,https://tomkosports.com/wp-content/uploads/2019/11/Drag-Mats-440x455.jpg
Outfield Fabric Fence System,OUTFIELD FABRIC,SF-PFS50 ; SF-PFS150 ; SF-FF50 ; SF-FF150,baseball,fence-systems,outfield-fabric-fence-system,OUTFIELD FABRIC SF-PFS50,images/product_233.jpg,https://tomkosports.com/wp-content/uploads/2021/05/Fabric-Fence-2-440x442.jpg
Heavy Duty Infield Drag Mat,HEAVY DUTY,SF-DMH6,field-equipment,drag-mats,heavy-duty-infield-drag-mat,HEAVY DUTY SF-DMH6,images/product_234.jpg,https://tomkosports.com/wp-content/uploads/2021/05/HD-Drag-Mat-440x455.jpg
Homerun Fabric Fence System,HOMERUN FABRIC,SF-PFS314 ; SF-PFS471,baseball,fence-systems,homerun-fabric-fence-system,HOMERUN FABRIC SF-PFS314,images/product_235.jpg,https://tomkosports.com/wp-content/uploads/2021/05/Homerun-Fence-2-440x443.jpg
Smart Pole Fabric Fence System,SMART POLE,SF-SP16 ; SF-SS16 ; SF-HSF150,baseball,fence-systems,smart-pole-fabric-fence-system,SMART POLE SF-SP16,images/product_236.jpg,https://tomkosports.com/wp-content/uploads/2021/05/Smartpole-440x440.jpg
Tip N’ Roll Aluminum Benches,TIP N’,SB-ABLTR,field-equipment,stationary-aluminum-benches,,TIP N’ SB-ABLTR,images/product_237.jpg,https://tomkosports.com/wp-content/uploads/2019/11/TipRoll2-002-440x440.jpg
Stationary Aluminum Benches,STATIONARY ALUMINUM,SB-ABL,field-equipment,stationary-aluminum-benches-2,,STATIONARY ALUMINUM SB-ABL,images/product_238.jpg,https://tomkosports.com/wp-content/uploads/2019/11/StationaryBleacher2-002-440x440.jpg
3.5″/4.5″ Double-Sided Basketball System,3.5″/4.5″ DOUBLE-SIDED,SB-SADS3 ; SB-SADS4,basketball,institutional-systems,dual-board-basketball-system,3.5″/4.5″ DOUBLE-SIDED SB-SADS3,images/product_239.jpg,https://tomkosports.com/wp-content/uploads/2019/11/SB-C2BS-300x225-1-1.jpg
Tri-Hoop Basketball System,TRI-HOOP BASKETBALL,SB-C3BS,basketball,institutional-systems,tri-hoop-basketball-system,TRI-HOOP BASKETBALL SB-C3BS,images/product_240.jpg,https://tomkosports.com/wp-content/uploads/2017/09/basketball-court-3-e1580761472151-440x440.jpg
Pole Pad,POLE PAD,SB-GSFPP ; SB-GSWPP ; SB-GSLPP,basketball,goalsetter,goalsetter-backboard-padding,POLE PAD SB-GSFPP,images/product_241.jpg,https://tomkosports.com/wp-content/uploads/2019/11/Pole-Pad-2-1-440x406.jpg
Aluminum Rain Shuttle Unit,ALUMINUM RAIN,TA-RS,accessories,water-removers,rain-shuttle,ALUMINUM RAIN TA-RS,images/product_242.jpg,https://tomkosports.com/wp-content/uploads/2019/11/Rain-Shuttle-Unit-1-440x421.jpg
Rol-Dri 36″ Units,ROL-DRI 36″,TA-RDS ; TA-RDPVA,accessories,water-removers,rol-dri-36-pva-unit-blue,ROL-DRI 36″ TA-RDS,images/product_243.jpg,https://tomkosports.com/wp-content/uploads/2019/11/Rol-Dri-Units-440x408.jpg
Big Squeeze 36″ Unit,BIG SQUEEZE,TA-BIGSQ,accessories,water-removers,big-squeeze-36-unit,BIG SQUEEZE TA-BIGSQ,images/product_244.jpg,https://tomkosports.com/wp-content/uploads/2021/03/Big-Squeeze-Unit-440x434.jpg
Super Sopper Units,SUPER SOPPER,TA-SSM ; TA-SSD,accessories,water-removers,super-sopper-unit,SUPER SOPPER TA-SSM,images/product_245.jpg,https://tomkosports.com/wp-content/uploads/2021/03/Super-Sopper-440x416.jpg
Rain Shuttle Replacement Blades,RAIN SHUTTLE,TA-RSB,accessories,water-removers,rain-shuttle-replacement-blades-60-inch,RAIN SHUTTLE TA-RSB,images/product_246.jpg,https://tomkosports.com/wp-content/uploads/2019/11/Rain-Shuttle-Blade-1-440x416.jpg
Dry Court Replacement Blades,DRY COURT,TA-DCR,accessories,water-removers,dry-court-replacement-blades,DRY COURT TA-DCR,images/product_247.jpg,https://tomkosports.com/wp-content/uploads/2019/11/Dry-Court-Blade-2-440x419.jpg
Rol-Dri 36″ Rollers,ROL-DRI 36″,TA-RDPVAR ; TA-RDSR,accessories,water-removers,rol-dri-36-seamless-replacement-roller-blue,ROL-DRI 36″ TA-RDPVAR,images/product_248.jpg,https://tomkosports.com/wp-content/uploads/2019/11/Rol-Dri-Rollers-440x437.jpg
Rol-Dri 36″ End Caps,ROL-DRI 36″,TA-RDEC,accessories,water-removers,rol-dri-36-end-caps,ROL-DRI 36″ TA-RDEC,images/product_249.jpg,https://tomkosports.com/wp-content/uploads/2021/03/Rol-Dri-End-Cap-440x412.jpg
Rol-Dri 36″ Handle Assembly,ROL-DRI 36″,TA-RDHA,accessories,water-removers,rol-dri-36-handle-assembly,ROL-DRI 36″ TA-RDHA,images/product_250.jpg,https://tomkosports.com/wp-content/uploads/2021/03/Rol-Dri-Handle-Assembly-440x436.jpg
Super Sopper Filter Cloth,SUPER SOPPER,TA-SSFC,accessories,water-removers,super-sopper-filter-cloth,SUPER SOPPER TA-SSFC,images/product_251.jpg,https://tomkosports.com/wp-content/uploads/2021/03/Filter-Cloth-440x407.jpg
Super Sopper Replacement Foam Pad,SUPER SOPPER,TA-SSDRP,accessories,water-removers,super-sopper-replacement-foam-pad,SUPER SOPPER TA-SSDRP,images/product_252.jpg,https://tomkosports.com/wp-content/uploads/2021/03/Dolphin-Foam-Pad-440x489.jpg
Scor-Post Pro Scorekeeper,SCOR-POST PRO,TA-SCP,tennis,scor-post-pro-scorekeeper,,SCOR-POST PRO TA-SCP,images/product_253.jpg,https://tomkosports.com/wp-content/uploads/2019/11/Scor-post-pro-440x440.jpg
Scorekeeper,SCOREKEEPER,TA-SCKP,tennis,scorekeeper,,SCOREKEEPER TA-SCKP,images/product_254.jpg,https://tomkosports.com/wp-content/uploads/2019/11/rs_mtkeeper_a_x-440x440.jpg
Tennis Score Tube,TENNIS SCORE,TA-TST,tennis,tennis-score-tube,,TENNIS SCORE TA-TST,images/product_255.jpg,https://tomkosports.com/wp-content/uploads/2020/02/SC-W-440x440.jpg
Court Valet,COURT VALET,TA-CV-GR ; TA-CV-BL,accessories,ball-pick-ups,court-valets,COURT VALET TA-CV-GR,images/product_256.jpg,https://tomkosports.com/wp-content/uploads/2019/11/Court-Valet-Unit-2-440x429.jpg
Court Valet Basket,COURT VALET,TA-CVB-GR ; TA-CVB-BL,accessories,ball-pick-ups,court-valets,COURT VALET TA-CVB-GR,images/product_257.jpg,https://tomkosports.com/wp-content/uploads/2021/03/Basket-2-440x439.jpg
Court Valet Tray,COURT VALET,TA-CVT-GR ; TA-CVT-BL,accessories,ball-pick-ups,court-valets,COURT VALET TA-CVT-GR,images/product_258.jpg,https://tomkosports.com/wp-content/uploads/2021/03/Tray-440x439.jpg
Aluminum Player’s Bench (No Back),ALUMINUM PLAYER’S,SF-ABNB7 ; SF-ABNB15 ; SF-ABNB21 ; SF-ABNB27,accessories,benches,aluminum-benches-no-back,ALUMINUM PLAYER’S SF-ABNB7,images/product_259.jpg,https://tomkosports.com/wp-content/uploads/2019/12/Aluminum-Benches-440x366.jpg
Aluminum Player’s Bench (With Back),ALUMINUM PLAYER’S,SB-ABWB5W ; SB-ABWB7 ; SB-ABWB15 ; SB-ABWB21 ; SB-ABWB27,accessories,benches,aluminum-benches-with-back,ALUMINUM PLAYER’S SB-ABWB5W,images/product_260.jpg,https://tomkosports.com/wp-content/uploads/2019/12/Aluminum-With-Back-4-440x423.jpg
Stationary Aluminum Bleachers,STATIONARY ALUMINUM,SF-ABL,benches-bleachers,stationary-aluminum-bleachers,,STATIONARY ALUMINUM SF-ABL,images/product_261.jpg,https://tomkosports.com/wp-content/uploads/2021/05/Stationary-Bleachers-440x442.jpg
Tip N’ Roll Aluminum Bleachers,TIP N’,SF-ABLTR,benches-bleachers,tip-n-roll-aluminum-bleachers,,TIP N’ SF-ABLTR,images/product_262.jpg,https://tomkosports.com/wp-content/uploads/2021/05/Tip-n-Roll-Bleachers-2-440x445.jpg
Dent Saver Bench,DENT SAVER,TA-DSRP4,accessories,benches,dent-saver-bench,DENT SAVER TA-DSRP4,images/product_263.jpg,https://tomkosports.com/wp-content/uploads/2020/01/Dent-Saver-440x441.jpg
Courtsider Bench,COURTSIDER BENCH,TA-BS5,accessories,benches,courtsider-bench-5,COURTSIDER BENCH TA-BS5,images/product_264.jpg,https://tomkosports.com/wp-content/uploads/2019/12/Courtsider-440x398.jpg
Courtsider Deluxe Bench,COURTSIDER DELUXE,TA-BS5D ; TA-BS6,accessories,benches,courtsider-deluxe-bench,COURTSIDER DELUXE TA-BS5D,images/product_265.jpg,https://tomkosports.com/wp-content/uploads/2019/12/Courtsider-Deluxe-440x398.jpg
Sport Bench,SPORT BENCH,TA-RBSB4,accessories,benches,sport-bench,SPORT BENCH TA-RBSB4,images/product_266.jpg,https://tomkosports.com/wp-content/uploads/2021/03/Sport-Bench-440x366.jpg
Royale Deluxe Umpire Chair,ROYALE DELUXE,TA-RDUC,accessories,benches,royale-deluxe-umpire-chair,ROYALE DELUXE TA-RDUC,images/product_267.jpg,https://tomkosports.com/wp-content/uploads/2021/03/Umpire-Chair-440x421.jpg
Royale Deluxe Umpire Chair – Umbrella,ROYALE DELUXE,TA-RDUCU,accessories,benches,royale-deluxe-umpire-chair-umbrella,ROYALE DELUXE TA-RDUCU,images/product_268.jpg,https://tomkosports.com/wp-content/uploads/2021/03/Umpire-Chair-Umbrella-440x428.jpg
Royale Deluxe Umpire Chair – Umbrella Mount Kit,ROYALE DELUXE,TA-RDUCUK,accessories,benches,royale-deluxe-umpire-chair-umbrella-mount-kit,ROYALE DELUXE TA-RDUCUK,images/product_269.jpg,https://tomkosports.com/wp-content/uploads/2021/03/Umpire-Chair-Umbrella-Mount-440x428.jpg
Royale Deluxe Umpire Chair – Wheel Kit,ROYALE DELUXE,TA-RDUCWK,accessories,benches,royale-deluxe-umpire-chair-wheel-kit,ROYALE DELUXE TA-RDUCWK,images/product_270.jpg,https://tomkosports.com/wp-content/uploads/2021/03/Umpire-Chair-Wheel-Kit-440x428.jpg
Safety End Cap Set,SAFETY END,SB-ABWB5W ; SB-ABWB7 ; SB-ABWB15 ; SB-ABWB21 ; SB-ABWB27,accessories,benches,safety-end-cap-set,SAFETY END SB-ABWB5W,images/product_271.jpg,https://tomkosports.com/wp-content/uploads/2021/03/End-Cap-440x437.jpg
Indoor Floor Protection Kit,INDOOR FLOOR,SB-ABICKS ; SB-ABICSM,accessories,benches,indoor-floor-protection-kit,INDOOR FLOOR SB-ABICKS,images/product_272.jpg,https://tomkosports.com/wp-content/uploads/2021/03/Indoor-Floor-Protection-440x437.jpg
TENNIS TOWER,TENNIS TOWER,TB-COMPC ; TB-COMP ; TB-TWPLAY,ball-machines,sports-tutor-ball-machines-canada,tennis-ball-machines,TENNIS TOWER TB-COMPC,images/product_273.jpg,https://tomkosports.com/wp-content/uploads/2021/02/Tennis-Tower-440x534.jpg
TENNIS TOWER I.O. (INTERNAL OSCILLATION),TENNIS TOWER,TB-IOCOMP ; TB-IOPLAY ; TB-IODLX,ball-machines,sports-tutor-ball-machines-canada,tennis-ball-machines,TENNIS TOWER TB-IOCOMP,images/product_274.jpg,https://tomkosports.com/wp-content/uploads/2021/02/Tennis-Tower-IO-440x349.jpg
MULTI-TWIST,MULTI-TWIST,TB-MTWIST,ball-machines,sports-tutor-ball-machines-canada,pickleball-machines,MULTI-TWIST TB-MTWIST,images/product_275.jpg,https://tomkosports.com/wp-content/uploads/2022/02/multi-twist-440x444.jpg
PADEL TUTOR,TUTOR,TB-PDTUT,ball-machines,sports-tutor-ball-machines-canada,padel,TUTOR TB-PDTUT,images/product_276.jpg,https://tomkosports.com/wp-content/uploads/2025/10/padel-3-440x381.png
PADEL TUTOR MINI,TUTOR,TB-PDTUTM,ball-machines,sports-tutor-ball-machines-canada,padel,TUTOR TB-PDTUTM,images/product_277.jpg,https://tomkosports.com/wp-content/uploads/2025/10/padel-mini-440x381.png
PICKLEBALL TUTOR MINI,TUTOR,TB-PBTUTMB ; TB-PBTUTM,ball-machines,sports-tutor-ball-machines-canada,pickleball-machines,TUTOR TB-PBTUTMB,images/product_278.jpg,https://tomkosports.com/wp-content/uploads/2021/02/Pickleball-Tutor-Mini-2-440x568.jpg
PICKLEBALL TUTOR SPIN,TUTOR,TB-PBTUT ; TB-PBTUTR ; TB-PBTUT2L ; TB-PBTUTR2L,ball-machines,sports-tutor-ball-machines-canada,pickleball-machines,TUTOR TB-PBTUT,images/product_279.jpg,https://tomkosports.com/wp-content/uploads/2019/11/OO-350B-2-440x440.jpg
PICKLEBALL TUTOR PLUS,TUTOR,TB-PBTUTP ; TB-PBTUTPR ; TB-PBTUTP2L ; TB-PBTUTPR2L,ball-machines,sports-tutor-ball-machines-canada,pickleball-machines,TUTOR TB-PBTUTP,images/product_280.jpg,https://tomkosports.com/wp-content/uploads/2020/01/Tutor_Plus-440x440.jpg
PICKLEBALL TUTOR ULTRA – SPIN & PLUS,TUTOR,TB-PBTUTSU ; TB-PBTUTPU,ball-machines,sports-tutor-ball-machines-canada,pickleball-machines,TUTOR TB-PBTUTSU,images/product_281.jpg,https://tomkosports.com/wp-content/uploads/2019/11/OO-350B-2-440x440.jpg
REMOTES,REMOTES,TB-TT2R ; TB-TTMR,ball-machines,sports-tutor-ball-machines-canada,sports-tutor-accessories-replacement-parts,REMOTES TB-TT2R,images/product_282.jpg,https://tomkosports.com/wp-content/uploads/2021/02/2-function-remote-440x440.jpg
BATTERIES,BATTERIES,TB-TTBC ; TB-TTBPL ; TB-TTBHD ; TB-WILSB,ball-machines,sports-tutor-ball-machines-canada,sports-tutor-accessories-replacement-parts,BATTERIES TB-TTBC,images/product_283.jpg,https://tomkosports.com/wp-content/uploads/2021/02/Battery.jpg
PROTECTIVE COVER,PROTECTIVE COVER,TB-TTCOV ; TB-SHCOV,ball-machines,sports-tutor-ball-machines-canada,sports-tutor-accessories-replacement-parts,PROTECTIVE COVER TB-TTCOV,images/product_284.jpg,https://tomkosports.com/wp-content/uploads/2021/02/Cover.jpg
EXTERNAL AC POWER SUPPLY,EXTERNAL AC,TB-TTACPS,ball-machines,sports-tutor-ball-machines-canada,sports-tutor-accessories-replacement-parts,EXTERNAL AC TB-TTACPS,images/product_285.jpg,https://tomkosports.com/wp-content/uploads/2021/02/External-AC-Power-Supply.jpg
EXTERNAL BATTERY PACK,EXTERNAL BATTERY,TB-TTEBPSF,ball-machines,sports-tutor-ball-machines-canada,sports-tutor-accessories-replacement-parts,EXTERNAL BATTERY TB-TTEBPSF,images/product_286.jpg,https://tomkosports.com/wp-content/uploads/2021/02/External-Battery-Pack.jpg
THROWING WHEELS,THROWING WHEELS,TB-TTUTW ; TB-SHUTW,ball-machines,sports-tutor-ball-machines-canada,sports-tutor-accessories-replacement-parts,THROWING WHEELS TB-TTUTW,images/product_287.jpg,https://tomkosports.com/wp-content/uploads/2021/02/Throwing-Wheels-1-440x448.jpg
BATTERY CHARGER,BATTERY CHARGER,TB-TTSCHR ; TB-TTSFCHR,ball-machines,sports-tutor-ball-machines-canada,sports-tutor-accessories-replacement-parts,BATTERY CHARGER TB-TTSCHR,images/product_288.jpg,https://tomkosports.com/wp-content/uploads/2020/01/SC2-440x440.jpg
VOLLEY,VOLLEY,TB-PMVP ; TB-PMVPB,ball-machines,playmate-ball-machines-canada,playmate-tennis-ball-machines,VOLLEY TB-PMVP,images/product_289.jpg,https://tomkosports.com/wp-content/uploads/2020/01/Volley-440x448.png
ACE,ACE,TB-ACE ; TB-PSL,ball-machines,playmate-ball-machines-canada,playmate-tennis-ball-machines,ACE TB-ACE,images/product_290.jpg,https://tomkosports.com/wp-content/uploads/2019/11/ACE.png
iSMASH,ISMASH,TB-iSMASH,ball-machines,playmate-ball-machines-canada,playmate-tennis-ball-machines,ISMASH TB-iSMASH,images/product_291.jpg,https://tomkosports.com/wp-content/uploads/2019/11/iSMASH-440x457.png
iGENIE,IGENIE,TB-iGENIE,ball-machines,playmate-ball-machines-canada,playmate-tennis-ball-machines,IGENIE TB-iGENIE,images/product_292.jpg,https://tomkosports.com/wp-content/uploads/2019/11/iGENIE-440x427.png
LOBSTER® “THE PICKLE”,LOBSTER® “THE,TB-LPICKLE,ball-machines,lobster-the-pickle,,LOBSTER® “THE TB-LPICKLE,images/product_293.jpg,https://tomkosports.com/wp-content/uploads/2021/04/The-Pickle-440x445.jpg
LOBSTER® “THE PICKLE 2”,LOBSTER® “THE,TB-LPICKLE2,ball-machines,lobster-the-pickle-2,,LOBSTER® “THE TB-LPICKLE2,images/product_294.jpg,https://tomkosports.com/wp-content/uploads/2021/04/The-Pickle-440x445.jpg
LOBSTER® “THE PICKLE CHAMPION”,LOBSTER® “THE,TB-LPICKLEC,ball-machines,lobster-the-pickle-2-copy,,LOBSTER® “THE TB-LPICKLEC,images/product_295.jpg,https://tomkosports.com/wp-content/uploads/2021/04/The-Pickle-440x445.jpg
LOBSTER® ELITE SERIES,LOBSTER® ELITE,TB-ELTL ; TB-ELT ; TB-ELT2 ; TB-ELT3,ball-machines,lobster-elite-series,,LOBSTER® ELITE TB-ELTL,images/product_296.jpg,https://tomkosports.com/wp-content/uploads/2021/04/Lobster-Elite-Liberty-440x429.jpg
LOBSTER® ELITE GRAND SERIES,LOBSTER® ELITE,TB-ELTGIV ; TB-EGV ; TB-EGVLE,ball-machines,lobster-elite-grand-series,,LOBSTER® ELITE TB-ELTGIV,images/product_297.jpg,https://tomkosports.com/wp-content/uploads/2021/04/Lobster-Grand-Series-440x444.jpg
LOBSTER® PHENOM SERIES,LOBSTER® PHENOM,TB-PHENOM ; TB-PHENOM2,ball-machines,lobster-phenom-series,,LOBSTER® PHENOM TB-PHENOM,images/product_298.jpg,https://tomkosports.com/wp-content/uploads/2021/04/Phenom-Series-440x444.jpg
LOBSTER® COVER,LOBSTER® COVER,TB-LCOV,ball-machines,lobster-cover,,LOBSTER® COVER TB-LCOV,images/product_299.jpg,https://tomkosports.com/wp-content/uploads/2021/04/Lobster-Cover-440x429.jpg
LOBSTER® REMOTES,LOBSTER® REMOTES,TB-ELTREM ; TB-ELTGREM,ball-machines,lobster-remotes,,LOBSTER® REMOTES TB-ELTREM,images/product_300.jpg,https://tomkosports.com/wp-content/uploads/2021/04/2-Function-Remote-1-440x454.jpg
LOBSTER® ELECTRIC POWER PACK,LOBSTER® ELECTRIC,TB-ELTAC,ball-machines,lobster-external-ac-power-supply,,LOBSTER® ELECTRIC TB-ELTAC,images/product_301.jpg,https://tomkosports.com/wp-content/uploads/2021/04/electric-power-pack-1-440x424.png
LOBSTER® EXTERNAL BATTERY PACK,LOBSTER® EXTERNAL,TB-ELTEBP,ball-machines,lobster-external-battery-pack,,LOBSTER® EXTERNAL TB-ELTEBP,images/product_302.jpg,https://tomkosports.com/wp-content/uploads/2021/04/External-Battery-Pack-440x423.jpg
LOBSTER® CHARGERS,LOBSTER® CHARGERS,TB-ELTFC ; TB-ELTPFC,ball-machines,lobster-chargers,,LOBSTER® CHARGERS TB-ELTFC,images/product_303.jpg,https://tomkosports.com/wp-content/uploads/2021/04/Premium-Charger-440x423.jpg
REPLACEMENT BATTERY,REPLACEMENT BATTERY,TB-LOBAT,ball-machines,lobster-replacement-battery,,REPLACEMENT BATTERY TB-LOBAT,images/product_304.jpg,https://tomkosports.com/wp-content/uploads/2021/04/Battery-440x439.jpg
Pickleball,PICKLEBALL,TB-PMPBALL,ball-machines,playmate-ball-machines-canada,playmate-pickleball-machines,PICKLEBALL TB-PMPBALL,images/product_305.jpg,https://tomkosports.com/wp-content/uploads/2020/01/Pickleball-1-440x457.jpg
GRAND SLAM,GRAND SLAM,TB-SLAM,ball-machines,playmate-ball-machines-canada,playmate-tennis-ball-machines,GRAND SLAM TB-SLAM,images/product_306.jpg,https://tomkosports.com/wp-content/uploads/2019/12/Grand-Slam-440x429.jpg
iPLAYMATE TENNIS,PLAYMATE,TB-PMiREM,ball-machines,playmate-ball-machines-canada,playmate-tennis-ball-machines,PLAYMATE TB-PMiREM,images/product_307.jpg,https://tomkosports.com/wp-content/uploads/2019/11/iPLAYMATE-2-440x430.jpg
SERVE LIFT,SERVE LIFT,TB-PSL,ball-machines,playmate-ball-machines-canada,playmate-tennis-ball-machines,SERVE LIFT TB-PSL,images/product_308.jpg,https://tomkosports.com/wp-content/uploads/2019/12/Serve-Lift-440x429.jpg
PLAYMATE® AC ADAPTER,PLAYMATE,TB-PMPBALLACPS,ball-machines,playmate-ball-machines-canada,playmate-tennis-ball-machines,PLAYMATE TB-PMPBALLACPS,images/product_309.jpg,https://tomkosports.com/wp-content/uploads/2024/06/AC-ADAPTER-440x587.jpg
PLAYMATE® REMOTE,PLAYMATE,TB-PMREMRC ; TB-PMREM2,ball-machines,playmate-ball-machines-canada,playmate-tennis-ball-machines,PLAYMATE TB-PMREMRC,images/product_310.jpg,https://tomkosports.com/wp-content/uploads/2020/03/te40-5-440x440.jpg
Playmate Throwing Wheels,PLAYMATE,TB-PMTW,ball-machines,playmate-ball-machines-canada,playmate-replacement-parts,PLAYMATE TB-PMTW,images/product_311.jpg,https://tomkosports.com/wp-content/uploads/2021/03/Playmate-Throwing-Wheel-440x416.jpg
PROTECTIVE COVER,PROTECTIVE COVER,TB-PMCOV,ball-machines,playmate-ball-machines-canada,playmate-tennis-ball-machines,PROTECTIVE COVER TB-PMCOV,images/product_312.jpg,https://tomkosports.com/wp-content/uploads/2021/03/Playmater-Cover-440x419.jpg
Ball Mower Basket,BALL MOWER,TB-PMMB,ball-machines,playmate-ball-machines-canada,playmate-replacement-parts,BALL MOWER TB-PMMB,images/product_313.jpg,https://tomkosports.com/wp-content/uploads/2021/03/Ball-Mower-Basket-440x419.jpg
PLAYMATE BALL MOWER 2.0,PLAYMATE,TB-PMM2,accessories,ball-pick-ups,ball-pick-ups-ball-pick-ups,PLAYMATE TB-PMM2,images/product_314.jpg,https://tomkosports.com/wp-content/uploads/2023/03/new-ball-mower-2-440x570.jpg
Ball Mower Wheels,BALL MOWER,TB-PMMBW ; TB-PMMCW,ball-machines,playmate-ball-machines-canada,playmate-replacement-parts,BALL MOWER TB-PMMBW,images/product_315.jpg,https://tomkosports.com/wp-content/uploads/2021/03/Ball-Mower-Drive-Wheels-440x374.jpg
Ball Mower Handle Zipper Grip,BALL MOWER,TB-PPMG,ball-machines,playmate-ball-machines-canada,playmate-replacement-parts,BALL MOWER TB-PPMG,images/product_316.jpg,https://tomkosports.com/wp-content/uploads/2021/03/Ball-Mower-Handle-Grip-440x416.jpg
Control Panel Cable,CONTROL PANEL,TB-PMCPC,ball-machines,playmate-ball-machines-canada,playmate-replacement-parts,CONTROL PANEL TB-PMCPC,images/product_317.jpg,https://tomkosports.com/wp-content/uploads/2021/03/Control-panel-cable-440x419.jpg
PLAYMATE BALL MOWER,PLAYMATE,TB-PMM,accessories,ball-pick-ups,ball-pick-ups-ball-pick-ups,PLAYMATE TB-PMM,images/product_318.jpg,https://tomkosports.com/wp-content/uploads/2019/11/m_mower.jpg
HOAG 350 TEACHING CART,HOAG 350,TB-HGTC,accessories,ball-pick-ups,ball-pick-ups-ball-pick-ups,HOAG 350 TB-HGTC,images/product_319.jpg,https://tomkosports.com/wp-content/uploads/2019/11/Hoag-350-440x435.jpg
EZ TRAVEL CART 150,EZ TRAVEL,TB-EZTC150,accessories,ball-pick-ups,ball-pick-ups-ball-pick-ups,EZ TRAVEL TB-EZTC150,images/product_320.jpg,https://tomkosports.com/wp-content/uploads/2019/12/gamma-tennis-ez-travel-cart-768x768-440x440.jpg
QUICK CART PLUS,QUICK CART,TB-QCP,accessories,ball-pick-ups,ball-pick-ups-ball-pick-ups,QUICK CART TB-QCP,images/product_321.jpg,https://tomkosports.com/wp-content/uploads/2024/05/quick-cart-2-440x459.jpg
BALL HOPPER® HI-RISE™ 75 W/ WHEELS,BALL HOPPER®,TB-HR75,accessories,ball-pick-ups,ball-pick-ups-ball-pick-ups,BALL HOPPER® TB-HR75,images/product_322.jpg,https://tomkosports.com/wp-content/uploads/2019/11/Gamma-Hi-Rise-75-440x484.jpg
BALL HOPPER PRO®90,BALL HOPPER,TB-BH90P,accessories,ball-pick-ups,ball-pick-ups-ball-pick-ups,BALL HOPPER TB-BH90P,images/product_323.jpg,https://tomkosports.com/wp-content/uploads/2019/11/Ball-Hopper-90-3-440x435.jpg
PICKLEBALL BALL HOPPER 50,PICKLEBALL BALL,TB-PBH,accessories,ball-pick-ups,ball-pick-ups-ball-pick-ups,PICKLEBALL BALL TB-PBH,images/product_324.jpg,https://tomkosports.com/wp-content/uploads/2023/03/Ball-Hopper-2-440x432.jpg
KOLLECTABALL K-COURT,KOLLECTABALL K-COURT,TB-KCOURT,accessories,ball-pick-ups,ball-pick-ups-ball-pick-ups,KOLLECTABALL K-COURT TB-KCOURT,images/product_325.png,https://tomkosports.com/wp-content/uploads/2022/02/K-Court-440x440.webp
TENNIS BALL TUBE,TENNIS BALL,TB-BHBTR ; TB-BHBTC ; TB-BHBTRC,accessories,ball-pick-ups,ball-pick-ups-ball-pick-ups,TENNIS BALL TB-BHBTR,images/product_326.jpg,https://tomkosports.com/wp-content/uploads/2019/12/Ball-Tube-440x435.jpg
PICKLEBALL BALL TUBE,PICKLEBALL BALL,TB-PBT,accessories,ball-pick-ups,ball-pick-ups-ball-pick-ups,PICKLEBALL BALL TB-PBT,images/product_327.jpg,https://tomkosports.com/wp-content/uploads/2023/03/Ball-Tube-440x432.jpg
COURTSERVE BALL MOWER,COURTSERVE BALL,TB-CSM ; TB-CSMRB ; TB-CSMRW,accessories,ball-pick-ups,ball-pick-ups-ball-pick-ups,COURTSERVE BALL TB-CSM,images/product_328.jpg,https://tomkosports.com/wp-content/uploads/2019/11/media-78-_1_.jpeg
NASSAU EXTRA DUTY PRESSURELESS BALLS,NASSAU,TB-NTB,accessories,ball-pick-ups,ball-pick-ups-ball-pick-ups,NASSAU TB-NTB,images/product_329.jpg,https://tomkosports.com/wp-content/uploads/2019/11/TB-NTB-300x225.jpg
VOLLEYBALL TUTOR,TUTOR,SV-VTSAC ; SV-VTSPAC ; SV-VTBPAC,ball-machines,sports-tutor-ball-machines-canada,volleyball-ball-machines,TUTOR SV-VTSAC,images/product_330.jpg,https://tomkosports.com/wp-content/uploads/2019/12/volleyball-model-440x506.jpg
VOLLEYBALL TUTOR GOLD MODEL,TUTOR,SV-VTGAC ; SV-VTGB ; SV-VTR,ball-machines,sports-tutor-ball-machines-canada,volleyball-ball-machines,TUTOR SV-VTGAC,images/product_331.jpg,https://tomkosports.com/wp-content/uploads/2019/12/Volleyball-Gold-Model-440x457.png
Duromax Polyester Windscreen,DUROMAX POLYESTER,TW-DUROMAX6 ; TW-DUROMAX9,windscreens-and-netting,duromax-polyester-windscreen-14-oz,,DUROMAX POLYESTER TW-DUROMAX6,images/product_332.jpg,https://tomkosports.com/wp-content/uploads/2019/11/asdf.jpg
PolyPro™ Plus Premium Windscreen,POLYPRO™ PLUS,TW-OMPP6 ; TW-CMPP6,windscreens-and-netting,polyknit-windscreen-rolls,,POLYPRO™ PLUS TW-OMPP6,images/product_333.jpg,https://tomkosports.com/wp-content/uploads/2019/11/Poly-Pro-440x430.jpg
Poly Knit Windbreak,POLY KNIT,TW-PN72 ; TW-PN108,windscreens-and-netting,poly-knit-windbreak,,POLY KNIT TW-PN72,images/product_334.jpg,https://tomkosports.com/wp-content/uploads/2021/04/Poly-Knit-440x439.jpg
HD Perimeter/Backdrop/Fence Netting,HD PERIMETER/BACKDROP/FENCE,TW-HDPBN,windscreens-and-netting,heavy-duty-perimeter-backdrop-fence-netting,,HD PERIMETER/BACKDROP/FENCE TW-HDPBN,images/product_335.jpg,https://tomkosports.com/wp-content/uploads/2020/01/Perimieter-Netting-440x441.jpg
Backdrop Curtain,BACKDROP CURTAIN,TW-BC14 ; TW-BC18,windscreens-and-netting,vinyl-backdrop-curtains,,BACKDROP CURTAIN TW-BC14,images/product_336.jpg,https://tomkosports.com/wp-content/uploads/2020/01/29514Z-5-440x657.jpg
Protective Column Pad,PROTECTIVE COLUMN,TW-PCP10 ; TW-PCP8,windscreens-and-netting,column-padding,,PROTECTIVE COLUMN TW-PCP10,images/product_337.jpg,https://tomkosports.com/wp-content/uploads/2019/12/26320Z-6-440x440.jpg
Custom Windscreen Logos,CUSTOM WINDSCREEN,,windscreens-and-netting,custom-windscreen-logos,,CUSTOM WINDSCREEN,images/product_338.jpg,https://tomkosports.com/wp-content/uploads/2019/11/IMG_0758-440x330.jpg
Fastening Hardware,FASTENING HARDWARE,TW-FASTENING,windscreens-and-netting,fastening-hardware,,FASTENING HARDWARE TW-FASTENING,images/product_339.jpg,https://tomkosports.com/wp-content/uploads/2019/12/Fastening-Hardware-440x436.jpg
DELUXE WATER BROOM,DELUXE WATER,TA-WB,accessories,court-cleaners,deluxe-water-broom,DELUXE WATER TA-WB,images/product_340.jpg,https://tomkosports.com/wp-content/uploads/2024/06/TA-WB-440x418.jpg
Kleen Sweep 27,KLEEN SWEEP,TA-KS27,accessories,court-cleaners,kleen-sweep-27,KLEEN SWEEP TA-KS27,images/product_341.jpg,https://tomkosports.com/wp-content/uploads/2020/01/Kleen-Sweep-27-440x437.jpg
Kleen Sweep 28,KLEEN SWEEP,TA-KS28,accessories,court-cleaners,kleen-sweep-28,KLEEN SWEEP TA-KS28,images/product_342.jpg,https://tomkosports.com/wp-content/uploads/2020/01/Kleen-Sweep-28-440x437.jpg
Kleen Sweep 32R,KLEEN SWEEP,TA-KS32R,accessories,court-cleaners,kleen-sweep-32r,KLEEN SWEEP TA-KS32R,images/product_343.jpg,https://tomkosports.com/wp-content/uploads/2020/01/Kleen-Sweep-32R-440x437.jpg
